,Algorithm,2^N,TypeArray,Time,N^2
0,bubble_sort,,Ascending,8.000000000230045e-06,1.0
1,bubble_sort,,Ascending,4.800000000138027e-06,1.0
2,bubble_sort,,Ascending,3.899999999390502e-06,1.0
3,bubble_sort,,Ascending,5.499999999436511e-06,1.0
4,bubble_sort,,Ascending,4.699999999857596e-06,1.0
5,insertion_sort,,Ascending,3.5000000000451337e-06,1.0
6,insertion_sort,,Ascending,5.50000000032469e-06,1.0
7,insertion_sort,,Ascending,2.000000000279556e-06,1.0
8,insertion_sort,,Ascending,1.7000000003264404e-06,1.0
9,insertion_sort,,Ascending,2.299999999344493e-06,1.0
10,quicksort,,Ascending,9.200000000042508e-06,1.0
11,quicksort,,Ascending,4.5999999995771645e-06,1.0
12,quicksort,,Ascending,4.000000000559112e-06,1.0
13,quicksort,,Ascending,3.9000000002786805e-06,1.0
14,quicksort,,Ascending,3.9000000002786805e-06,1.0
15,mergesort,,Ascending,7.5999999999964984e-06,1.0
16,mergesort,,Ascending,4.699999999857596e-06,1.0
17,mergesort,,Ascending,4.300000000512227e-06,1.0
18,mergesort,,Ascending,4.200000000231796e-06,1.0
19,mergesort,,Ascending,4.099999999951365e-06,1.0
20,mergesort_combined,,Ascending,7.300000000043383e-06,1.0
21,mergesort_combined,,Ascending,7.300000000043383e-06,1.0
22,mergesort_combined,,Ascending,3.600000000325565e-06,1.0
23,mergesort_combined,,Ascending,3.000000000419334e-06,1.0
24,mergesort_combined,,Ascending,5.5999999997169425e-06,1.0
25,bubble_sort,,Descending,5.200000000371574e-06,1.0
26,bubble_sort,,Descending,2.299999999344493e-06,1.0
27,bubble_sort,,Descending,1.8999999999991246e-06,1.0
28,bubble_sort,,Descending,1.7999999997186933e-06,1.0
29,bubble_sort,,Descending,1.7000000003264404e-06,1.0
30,insertion_sort,,Descending,2.899999999250724e-06,1.0
31,insertion_sort,,Descending,1.7000000003264404e-06,1.0
32,insertion_sort,,Descending,1.4999999997655777e-06,1.0
33,insertion_sort,,Descending,1.4999999997655777e-06,1.0
34,insertion_sort,,Descending,1.4999999997655777e-06,1.0
35,quicksort,,Descending,4.800000000138027e-06,1.0
36,quicksort,,Descending,2.600000000185787e-06,1.0
37,quicksort,,Descending,2.2000000008404186e-06,1.0
38,quicksort,,Descending,2.099999999671809e-06,1.0
39,quicksort,,Descending,1.9999999993913775e-06,1.0
40,mergesort,,Descending,5.899999999670058e-06,1.0
41,mergesort,,Descending,3.5000000000451337e-06,1.0
42,mergesort,,Descending,3.099999999811587e-06,1.0
43,mergesort,,Descending,2.9000000001389026e-06,1.0
44,mergesort,,Descending,2.9000000001389026e-06,1.0
45,mergesort_combined,,Descending,3.3000000003724494e-06,1.0
46,mergesort_combined,,Descending,2.000000000279556e-06,1.0
47,mergesort_combined,,Descending,1.7000000003264404e-06,1.0
48,mergesort_combined,,Descending,1.600000000046009e-06,1.0
49,mergesort_combined,,Descending,1.7000000003264404e-06,1.0
50,bubble_sort,,Random,3.3999999997647024e-06,1.0
51,bubble_sort,,Random,1.4999999997655777e-06,1.0
52,bubble_sort,,Random,1.1000000004202093e-06,1.0
53,bubble_sort,,Random,1.000000000139778e-06,1.0
54,bubble_sort,,Random,1.000000000139778e-06,1.0
55,insertion_sort,,Random,2.1000000005599873e-06,1.0
56,insertion_sort,,Random,1.1999999998124622e-06,1.0
57,insertion_sort,,Random,1.000000000139778e-06,1.0
58,insertion_sort,,Random,1.000000000139778e-06,1.0
59,insertion_sort,,Random,8.999999998593466e-07,1.0
60,quicksort,,Random,5.899999999670058e-06,1.0
61,quicksort,,Random,3.200000000092018e-06,1.0
62,quicksort,,Random,2.7000000004662184e-06,1.0
63,quicksort,,Random,2.600000000185787e-06,1.0
64,quicksort,,Random,2.3999999996249244e-06,1.0
65,mergesort,,Random,5.5999999997169425e-06,1.0
66,mergesort,,Random,3.4000000006528808e-06,1.0
67,mergesort,,Random,2.9000000001389026e-06,1.0
68,mergesort,,Random,2.7999999998584713e-06,1.0
69,mergesort,,Random,2.7000000004662184e-06,1.0
70,mergesort_combined,,Random,2.400000000513103e-06,1.0
71,mergesort_combined,,Random,1.4999999997655777e-06,1.0
72,mergesort_combined,,Random,1.3000000000928935e-06,1.0
73,mergesort_combined,,Random,1.1999999998124622e-06,1.0
74,mergesort_combined,,Random,1.1999999998124622e-06,1.0
75,bubble_sort,,Structured,4.800000000138027e-06,1.0
76,bubble_sort,,Structured,2.3999999996249244e-06,1.0
77,bubble_sort,,Structured,1.8999999999991246e-06,1.0
78,bubble_sort,,Structured,1.699999999438262e-06,1.0
79,bubble_sort,,Structured,1.699999999438262e-06,1.0
80,insertion_sort,,Structured,2.7999999998584713e-06,1.0
81,insertion_sort,,Structured,1.8000000006068717e-06,1.0
82,insertion_sort,,Structured,1.600000000046009e-06,1.0
83,insertion_sort,,Structured,1.5000000006537562e-06,1.0
84,insertion_sort,,Structured,1.4999999997655777e-06,1.0
85,quicksort,,Structured,4.200000000231796e-06,1.0
86,quicksort,,Structured,2.600000000185787e-06,1.0
87,quicksort,,Structured,2.19999999995224e-06,1.0
88,quicksort,,Structured,2.1000000005599873e-06,1.0
89,quicksort,,Structured,2.099999999671809e-06,1.0
90,mergesort,,Structured,5.299999999763827e-06,1.0
91,mergesort,,Structured,3.5000000000451337e-06,1.0
92,mergesort,,Structured,3.099999999811587e-06,1.0
93,mergesort,,Structured,2.899999999250724e-06,1.0
94,mergesort,,Structured,2.9000000001389026e-06,1.0
95,mergesort_combined,,Structured,3.099999999811587e-06,1.0
96,mergesort_combined,,Structured,2.000000000279556e-06,1.0
97,mergesort_combined,,Structured,1.8000000006068717e-06,1.0
98,mergesort_combined,,Structured,1.7000000003264404e-06,1.0
99,mergesort_combined,,Structured,1.8000000006068717e-06,1.0
100,bubble_sort,,Integers,3.3000000003724494e-06,1.0
101,bubble_sort,,Integers,1.4999999997655777e-06,1.0
102,bubble_sort,,Integers,1.1999999998124622e-06,1.0
103,bubble_sort,,Integers,1.000000000139778e-06,1.0
104,bubble_sort,,Integers,1.000000000139778e-06,1.0
105,insertion_sort,,Integers,1.8999999999991246e-06,1.0
106,insertion_sort,,Integers,1.1999999998124622e-06,1.0
107,insertion_sort,,Integers,1.000000000139778e-06,1.0
108,insertion_sort,,Integers,8.999999998593466e-07,1.0
109,insertion_sort,,Integers,8.999999998593466e-07,1.0
110,quicksort,,Integers,5.5999999997169425e-06,1.0
111,quicksort,,Integers,3.200000000092018e-06,1.0
112,quicksort,,Integers,2.600000000185787e-06,1.0
113,quicksort,,Integers,2.4999999999053557e-06,1.0
114,quicksort,,Integers,2.400000000513103e-06,1.0
115,mergesort,,Integers,5.499999999436511e-06,1.0
116,mergesort,,Integers,3.3999999997647024e-06,1.0
117,mergesort,,Integers,3.000000000419334e-06,1.0
118,mergesort,,Integers,2.7999999998584713e-06,1.0
119,mergesort,,Integers,2.7999999998584713e-06,1.0
120,mergesort_combined,,Integers,2.3000000002326715e-06,1.0
121,mergesort_combined,,Integers,1.3999999994851464e-06,1.0
122,mergesort_combined,,Integers,1.1999999998124622e-06,1.0
123,mergesort_combined,,Integers,1.1999999998124622e-06,1.0
124,mergesort_combined,,Integers,1.1000000004202093e-06,1.0
125,bubble_sort,,Ascending,3.9999999996709334e-06,2.0
126,bubble_sort,,Ascending,2.000000000279556e-06,2.0
127,bubble_sort,,Ascending,1.699999999438262e-06,2.0
128,bubble_sort,,Ascending,1.7000000003264404e-06,2.0
129,bubble_sort,,Ascending,1.600000000046009e-06,2.0
130,insertion_sort,,Ascending,2.7999999998584713e-06,2.0
131,insertion_sort,,Ascending,2.000000000279556e-06,2.0
132,insertion_sort,,Ascending,1.600000000046009e-06,2.0
133,insertion_sort,,Ascending,1.600000000046009e-06,2.0
134,insertion_sort,,Ascending,1.600000000046009e-06,2.0
135,quicksort,,Ascending,1.2200000000461841e-05,2.0
136,quicksort,,Ascending,9.200000000042508e-06,2.0
137,quicksort,,Ascending,8.600000000136276e-06,2.0
138,quicksort,,Ascending,8.500000000744024e-06,2.0
139,quicksort,,Ascending,8.400000000463592e-06,2.0
140,mergesort,,Ascending,1.2299999999854094e-05,2.0
141,mergesort,,Ascending,8.999999999481645e-06,2.0
142,mergesort,,Ascending,8.499999999855845e-06,2.0
143,mergesort,,Ascending,8.399999999575414e-06,2.0
144,mergesort,,Ascending,8.400000000463592e-06,2.0
145,mergesort_combined,,Ascending,3.200000000092018e-06,2.0
146,mergesort_combined,,Ascending,2.19999999995224e-06,2.0
147,mergesort_combined,,Ascending,1.8999999999991246e-06,2.0
148,mergesort_combined,,Ascending,1.7999999997186933e-06,2.0
149,mergesort_combined,,Ascending,1.8000000006068717e-06,2.0
150,bubble_sort,,Descending,9.399999999715192e-06,2.0
151,bubble_sort,,Descending,6.899999999809836e-06,2.0
152,bubble_sort,,Descending,6.5000000004644676e-06,2.0
153,bubble_sort,,Descending,6.299999999903605e-06,2.0
154,bubble_sort,,Descending,6.299999999903605e-06,2.0
155,insertion_sort,,Descending,6.499999999576289e-06,2.0
156,insertion_sort,,Descending,5.50000000032469e-06,2.0
157,insertion_sort,,Descending,5.100000000091143e-06,2.0
158,insertion_sort,,Descending,4.999999999810711e-06,2.0
159,insertion_sort,,Descending,4.999999999810711e-06,2.0
160,quicksort,,Descending,1.0099999999901854e-05,2.0
161,quicksort,,Descending,7.20000000065113e-06,2.0
162,quicksort,,Descending,6.699999999248973e-06,2.0
163,quicksort,,Descending,6.499999999576289e-06,2.0
164,quicksort,,Descending,6.5000000004644676e-06,2.0
165,mergesort,,Descending,1.210000000018141e-05,2.0
166,mergesort,,Descending,9.300000000322939e-06,2.0
167,mergesort,,Descending,8.800000000697139e-06,2.0
168,mergesort,,Descending,8.599999999248098e-06,2.0
169,mergesort,,Descending,8.700000000416708e-06,2.0
170,mergesort_combined,,Descending,6.800000000417583e-06,2.0
171,mergesort_combined,,Descending,5.800000000277805e-06,2.0
172,mergesort_combined,,Descending,5.400000000044258e-06,2.0
173,mergesort_combined,,Descending,5.200000000371574e-06,2.0
174,mergesort_combined,,Descending,5.199999999483396e-06,2.0
175,bubble_sort,,Random,8.600000000136276e-06,2.0
176,bubble_sort,,Random,6.400000000184036e-06,2.0
177,bubble_sort,,Random,5.5999999997169425e-06,2.0
178,bubble_sort,,Random,5.39999999915608e-06,2.0
179,bubble_sort,,Random,5.499999999436511e-06,2.0
180,insertion_sort,,Random,5.699999999997374e-06,2.0
181,insertion_sort,,Random,4.500000000184912e-06,2.0
182,insertion_sort,,Random,3.9999999996709334e-06,2.0
183,insertion_sort,,Random,4.000000000559112e-06,2.0
184,insertion_sort,,Random,3.9000000002786805e-06,2.0
185,quicksort,,Random,7.499999999716067e-06,2.0
186,quicksort,,Random,4.999999999810711e-06,2.0
187,quicksort,,Random,4.699999999857596e-06,2.0
188,quicksort,,Random,4.500000000184912e-06,2.0
189,quicksort,,Random,4.39999999990448e-06,2.0
190,mergesort,,Random,1.1899999999620547e-05,2.0
191,mergesort,,Random,9.099999999762076e-06,2.0
192,mergesort,,Random,8.600000000136276e-06,2.0
193,mergesort,,Random,8.600000000136276e-06,2.0
194,mergesort,,Random,8.499999999855845e-06,2.0
195,mergesort_combined,,Random,5.999999999950489e-06,2.0
196,mergesort_combined,,Random,4.699999999857596e-06,2.0
197,mergesort_combined,,Random,4.39999999990448e-06,2.0
198,mergesort_combined,,Random,4.200000000231796e-06,2.0
199,mergesort_combined,,Random,4.200000000231796e-06,2.0
200,bubble_sort,,Structured,6.199999999623174e-06,2.0
201,bubble_sort,,Structured,4.099999999951365e-06,2.0
202,bubble_sort,,Structured,3.699999999717818e-06,2.0
203,bubble_sort,,Structured,3.5000000000451337e-06,2.0
204,bubble_sort,,Structured,3.600000000325565e-06,2.0
205,insertion_sort,,Structured,4.39999999990448e-06,2.0
206,insertion_sort,,Structured,3.200000000092018e-06,2.0
207,insertion_sort,,Structured,2.899999999250724e-06,2.0
208,insertion_sort,,Structured,2.69999999957804e-06,2.0
209,insertion_sort,,Structured,2.7999999998584713e-06,2.0
210,quicksort,,Structured,7.70000000027693e-06,2.0
211,quicksort,,Structured,5.699999999997374e-06,2.0
212,quicksort,,Structured,5.200000000371574e-06,2.0
213,quicksort,,Structured,4.999999999810711e-06,2.0
214,quicksort,,Structured,4.89999999953028e-06,2.0
215,mergesort,,Structured,1.2299999999854094e-05,2.0
216,mergesort,,Structured,9.29999999943476e-06,2.0
217,mergesort,,Structured,8.79999999980896e-06,2.0
218,mergesort,,Structured,8.600000000136276e-06,2.0
219,mergesort,,Structured,8.600000000136276e-06,2.0
220,mergesort_combined,,Structured,4.600000000465343e-06,2.0
221,mergesort_combined,,Structured,3.5000000000451337e-06,2.0
222,mergesort_combined,,Structured,2.9999999995311555e-06,2.0
223,mergesort_combined,,Structured,3.099999999811587e-06,2.0
224,mergesort_combined,,Structured,3.000000000419334e-06,2.0
225,bubble_sort,,Integers,7.999999999341867e-06,2.0
226,bubble_sort,,Integers,5.699999999997374e-06,2.0
227,bubble_sort,,Integers,5.100000000091143e-06,2.0
228,bubble_sort,,Integers,5.099999999202964e-06,2.0
229,bubble_sort,,Integers,4.999999999810711e-06,2.0
230,insertion_sort,,Integers,6.099999999342742e-06,2.0
231,insertion_sort,,Integers,4.39999999990448e-06,2.0
232,insertion_sort,,Integers,4.200000000231796e-06,2.0
233,insertion_sort,,Integers,4.099999999951365e-06,2.0
234,insertion_sort,,Integers,3.9999999996709334e-06,2.0
235,quicksort,,Integers,7.899999999949614e-06,2.0
236,quicksort,,Integers,5.50000000032469e-06,2.0
237,quicksort,,Integers,5.100000000091143e-06,2.0
238,quicksort,,Integers,4.999999999810711e-06,2.0
239,quicksort,,Integers,4.9000000004184585e-06,2.0
240,mergesort,,Integers,1.2299999999854094e-05,2.0
241,mergesort,,Integers,9.499999999995623e-06,2.0
242,mergesort,,Integers,9.000000000369823e-06,2.0
243,mergesort,,Integers,8.700000000416708e-06,2.0
244,mergesort,,Integers,8.69999999952853e-06,2.0
245,mergesort_combined,,Integers,5.899999999670058e-06,2.0
246,mergesort_combined,,Integers,4.600000000465343e-06,2.0
247,mergesort_combined,,Integers,1.2299999999854094e-05,2.0
248,mergesort_combined,,Integers,4.39999999990448e-06,2.0
249,mergesort_combined,,Integers,2.7799999999800207e-05,2.0
250,bubble_sort,,Ascending,5.5999999997169425e-06,3.0
251,bubble_sort,,Ascending,3.299999999484271e-06,3.0
252,bubble_sort,,Ascending,2.9000000001389026e-06,3.0
253,bubble_sort,,Ascending,2.9000000001389026e-06,3.0
254,bubble_sort,,Ascending,2.7999999998584713e-06,3.0
255,insertion_sort,,Ascending,4.300000000512227e-06,3.0
256,insertion_sort,,Ascending,3.3999999997647024e-06,3.0
257,insertion_sort,,Ascending,3.099999999811587e-06,3.0
258,insertion_sort,,Ascending,2.9999999995311555e-06,3.0
259,insertion_sort,,Ascending,3.1000000006997652e-06,3.0
260,quicksort,,Ascending,3.2100000000312434e-05,3.0
261,quicksort,,Ascending,3.2599999999938234e-05,3.0
262,quicksort,,Ascending,2.7600000000127523e-05,3.0
263,quicksort,,Ascending,2.7300000000174407e-05,3.0
264,quicksort,,Ascending,2.7200000000782154e-05,3.0
265,mergesort,,Ascending,3.5700000000638e-05,3.0
266,mergesort,,Ascending,2.2799999999989495e-05,3.0
267,mergesort,,Ascending,2.1799999999849717e-05,3.0
268,mergesort,,Ascending,2.1799999999849717e-05,3.0
269,mergesort,,Ascending,2.1699999999569286e-05,3.0
270,mergesort_combined,,Ascending,4.9000000004184585e-06,3.0
271,mergesort_combined,,Ascending,3.5000000000451337e-06,3.0
272,mergesort_combined,,Ascending,3.200000000092018e-06,3.0
273,mergesort_combined,,Ascending,3.200000000092018e-06,3.0
274,mergesort_combined,,Ascending,3.200000000092018e-06,3.0
275,bubble_sort,,Descending,2.689999999994086e-05,3.0
276,bubble_sort,,Descending,2.4400000000035504e-05,3.0
277,bubble_sort,,Descending,2.3899999999521526e-05,3.0
278,bubble_sort,,Descending,2.360000000045659e-05,3.0
279,bubble_sort,,Descending,2.3699999999848842e-05,3.0
280,insertion_sort,,Descending,2.1099999999663055e-05,3.0
281,insertion_sort,,Descending,2.0100000000411455e-05,3.0
282,insertion_sort,,Descending,1.9599999999897477e-05,3.0
283,insertion_sort,,Descending,1.9599999999897477e-05,3.0
284,insertion_sort,,Descending,1.9600000000785656e-05,3.0
285,quicksort,,Descending,2.410000000008239e-05,3.0
286,quicksort,,Descending,2.0499999999756824e-05,3.0
287,quicksort,,Descending,1.990000000073877e-05,3.0
288,quicksort,,Descending,1.980000000045834e-05,3.0
289,quicksort,,Descending,1.970000000017791e-05,3.0
290,mergesort,,Descending,3.370000000035844e-05,3.0
291,mergesort,,Descending,2.309999999994261e-05,3.0
292,mergesort,,Descending,2.250000000003638e-05,3.0
293,mergesort,,Descending,2.2300000000363696e-05,3.0
294,mergesort,,Descending,2.260000000031681e-05,3.0
295,mergesort_combined,,Descending,2.1099999999663055e-05,3.0
296,mergesort_combined,,Descending,2.030000000008414e-05,3.0
297,mergesort_combined,,Descending,1.9899999999850593e-05,3.0
298,mergesort_combined,,Descending,1.9899999999850593e-05,3.0
299,mergesort_combined,,Descending,1.9899999999850593e-05,3.0
300,bubble_sort,,Random,1.820000000041233e-05,3.0
301,bubble_sort,,Random,1.590000000017966e-05,3.0
302,bubble_sort,,Random,1.540000000055386e-05,3.0
303,bubble_sort,,Random,1.539999999966568e-05,3.0
304,bubble_sort,,Random,1.5300000000273428e-05,3.0
305,insertion_sort,,Random,1.100000000064938e-05,3.0
306,insertion_sort,,Random,9.799999999948739e-06,3.0
307,insertion_sort,,Random,9.200000000042508e-06,3.0
308,insertion_sort,,Random,9.200000000042508e-06,3.0
309,insertion_sort,,Random,9.099999999762076e-06,3.0
310,quicksort,,Random,1.749999999933749e-05,3.0
311,quicksort,,Random,1.4600000000086766e-05,3.0
312,quicksort,,Random,1.4100000000460966e-05,3.0
313,quicksort,,Random,1.3899999999900103e-05,3.0
314,quicksort,,Random,1.3899999999900103e-05,3.0
315,mergesort,,Random,2.8300000000314185e-05,3.0
316,mergesort,,Random,2.4500000000315936e-05,3.0
317,mergesort,,Random,2.3899999999521526e-05,3.0
318,mergesort,,Random,2.3500000000176158e-05,3.0
319,mergesort,,Random,2.3500000000176158e-05,3.0
320,mergesort_combined,,Random,1.1399999999994748e-05,3.0
321,mergesort_combined,,Random,9.999999999621423e-06,3.0
322,mergesort_combined,,Random,9.499999999995623e-06,3.0
323,mergesort_combined,,Random,9.499999999995623e-06,3.0
324,mergesort_combined,,Random,9.399999999715192e-06,3.0
325,bubble_sort,,Structured,5.099999999202964e-06,3.0
326,bubble_sort,,Structured,3.4000000006528808e-06,3.0
327,bubble_sort,,Structured,2.9000000001389026e-06,3.0
328,bubble_sort,,Structured,2.8000000007466497e-06,3.0
329,bubble_sort,,Structured,2.8000000007466497e-06,3.0
330,insertion_sort,,Structured,4.400000001680837e-06,3.0
331,insertion_sort,,Structured,3.299999999484271e-06,3.0
332,insertion_sort,,Structured,3.1000000006997652e-06,3.0
333,insertion_sort,,Structured,3.0999999989234084e-06,3.0
334,insertion_sort,,Structured,3.1000000006997652e-06,3.0
335,quicksort,,Structured,3.2599999999050056e-05,3.0
336,quicksort,,Structured,2.9099999999004922e-05,3.0
337,quicksort,,Structured,2.8300000000314185e-05,3.0
338,quicksort,,Structured,2.8399999999706438e-05,3.0
339,quicksort,,Structured,2.8300000000314185e-05,3.0
340,mergesort,,Structured,2.5999999998305157e-05,3.0
341,mergesort,,Structured,2.2200000000083264e-05,3.0
342,mergesort,,Structured,2.179999999896154e-05,3.0
343,mergesort,,Structured,2.1600000000177033e-05,3.0
344,mergesort,,Structured,2.1800000000737896e-05,3.0
345,mergesort_combined,,Structured,4.699999999857596e-06,3.0
346,mergesort_combined,,Structured,3.4000000006528808e-06,3.0
347,mergesort_combined,,Structured,3.299999999484271e-06,3.0
348,mergesort_combined,,Structured,3.200000000092018e-06,3.0
349,mergesort_combined,,Structured,3.200000000092018e-06,3.0
350,bubble_sort,,Integers,1.7200000000272553e-05,3.0
351,bubble_sort,,Integers,1.4600000000086766e-05,3.0
352,bubble_sort,,Integers,1.4099999999572788e-05,3.0
353,bubble_sort,,Integers,1.4000000000180535e-05,3.0
354,bubble_sort,,Integers,1.4000000000180535e-05,3.0
355,insertion_sort,,Integers,9.90000000022917e-06,3.0
356,insertion_sort,,Integers,8.700000000416708e-06,3.0
357,insertion_sort,,Integers,8.19999999990273e-06,3.0
358,insertion_sort,,Integers,8.100000000510477e-06,3.0
359,insertion_sort,,Integers,8.09999999873412e-06,3.0
360,quicksort,,Integers,1.6400000001581816e-05,3.0
361,quicksort,,Integers,1.330000000088205e-05,3.0
362,quicksort,,Integers,1.2899999999760325e-05,3.0
363,quicksort,,Integers,1.2799999998591716e-05,3.0
364,quicksort,,Integers,1.2699999999199463e-05,3.0
365,mergesort,,Integers,2.8300000000314185e-05,3.0
366,mergesort,,Integers,2.5000000000829914e-05,3.0
367,mergesort,,Integers,2.3900000000409705e-05,3.0
368,mergesort,,Integers,2.3999999999801958e-05,3.0
369,mergesort,,Integers,2.3900000000409705e-05,3.0
370,mergesort_combined,,Integers,9.79999999906056e-06,3.0
371,mergesort_combined,,Integers,8.700000000416708e-06,3.0
372,mergesort_combined,,Integers,8.299999999294982e-06,3.0
373,mergesort_combined,,Integers,8.30000000107134e-06,3.0
374,mergesort_combined,,Integers,8.19999999990273e-06,3.0
375,bubble_sort,,Ascending,7.5999999999964984e-06,4.0
376,bubble_sort,,Ascending,5.800000000277805e-06,4.0
377,bubble_sort,,Ascending,5.39999999915608e-06,4.0
378,bubble_sort,,Ascending,5.299999999763827e-06,4.0
379,bubble_sort,,Ascending,5.299999999763827e-06,4.0
380,insertion_sort,,Ascending,7.20000000065113e-06,4.0
381,insertion_sort,,Ascending,6.199999999623174e-06,4.0
382,insertion_sort,,Ascending,5.900000001446415e-06,4.0
383,insertion_sort,,Ascending,5.799999998501448e-06,4.0
384,insertion_sort,,Ascending,5.699999999109195e-06,4.0
385,quicksort,,Ascending,0.00010110000000018715,4.0
386,quicksort,,Ascending,9.649999999972181e-05,4.0
387,quicksort,,Ascending,9.599999999920783e-05,4.0
388,quicksort,,Ascending,9.619999999976869e-05,4.0
389,quicksort,,Ascending,9.580000000042332e-05,4.0
390,mergesort,,Ascending,6.489999999992335e-05,4.0
391,mergesort,,Ascending,5.2900000000022374e-05,4.0
392,mergesort,,Ascending,5.230000000011614e-05,4.0
393,mergesort,,Ascending,5.220000000072389e-05,4.0
394,mergesort,,Ascending,5.219999999894753e-05,4.0
395,mergesort_combined,,Ascending,1.8000000000739647e-05,4.0
396,mergesort_combined,,Ascending,1.600000000046009e-05,4.0
397,mergesort_combined,,Ascending,1.5699999998730618e-05,4.0
398,mergesort_combined,,Ascending,1.5300000001161607e-05,4.0
399,mergesort_combined,,Ascending,1.5199999999992997e-05,4.0
400,bubble_sort,,Descending,9.580000000042332e-05,4.0
401,bubble_sort,,Descending,9.370000000075152e-05,4.0
402,bubble_sort,,Descending,9.34000000007984e-05,4.0
403,bubble_sort,,Descending,9.309999999906893e-05,4.0
404,bubble_sort,,Descending,9.319999999846118e-05,4.0
405,insertion_sort,,Descending,7.989999999935549e-05,4.0
406,insertion_sort,,Descending,7.890000000010389e-05,4.0
407,insertion_sort,,Descending,7.869999999954302e-05,4.0
408,insertion_sort,,Descending,7.869999999954302e-05,4.0
409,insertion_sort,,Descending,7.860000000015077e-05,4.0
410,quicksort,,Descending,6.999999999912632e-05,4.0
411,quicksort,,Descending,6.610000000151217e-05,4.0
412,quicksort,,Descending,6.540000000043733e-05,4.0
413,quicksort,,Descending,6.519999999987647e-05,4.0
414,quicksort,,Descending,6.540000000043733e-05,4.0
415,mergesort,,Descending,5.820000000156256e-05,4.0
416,mergesort,,Descending,5.389999999927397e-05,4.0
417,mergesort,,Descending,5.3100000000583236e-05,4.0
418,mergesort,,Descending,5.319999999997549e-05,4.0
419,mergesort,,Descending,5.329999999936774e-05,4.0
420,mergesort_combined,,Descending,5.180000000137852e-05,4.0
421,mergesort_combined,,Descending,5.0200000000444334e-05,4.0
422,mergesort_combined,,Descending,4.9100000000024124e-05,4.0
423,mergesort_combined,,Descending,4.9800000001098965e-05,4.0
424,mergesort_combined,,Descending,4.9100000000024124e-05,4.0
425,bubble_sort,,Random,7.860000000015077e-05,4.0
426,bubble_sort,,Random,7.620000000052585e-05,4.0
427,bubble_sort,,Random,7.559999999884326e-05,4.0
428,bubble_sort,,Random,7.540000000005875e-05,4.0
429,bubble_sort,,Random,7.560000000061962e-05,4.0
430,insertion_sort,,Random,5.43000000003957e-05,4.0
431,insertion_sort,,Random,5.3499999999928605e-05,4.0
432,insertion_sort,,Random,5.219999999894753e-05,4.0
433,insertion_sort,,Random,5.2799999998853764e-05,4.0
434,insertion_sort,,Random,5.280000000063012e-05,4.0
435,quicksort,,Random,3.0899999998723615e-05,4.0
436,quicksort,,Random,2.7400000000454838e-05,4.0
437,quicksort,,Random,2.689999999994086e-05,4.0
438,quicksort,,Random,2.6800000000548607e-05,4.0
439,quicksort,,Random,2.679999999877225e-05,4.0
440,mergesort,,Random,6.379999999950314e-05,4.0
441,mergesort,,Random,5.9700000001328135e-05,4.0
442,mergesort,,Random,5.879999999969243e-05,4.0
443,mergesort,,Random,5.870000000030018e-05,4.0
444,mergesort,,Random,5.869999999852382e-05,4.0
445,mergesort_combined,,Random,3.929999999918721e-05,4.0
446,mergesort_combined,,Random,3.770000000002938e-05,4.0
447,mergesort_combined,,Random,3.6500000000216914e-05,4.0
448,mergesort_combined,,Random,3.659999999960917e-05,4.0
449,mergesort_combined,,Random,3.680000000017003e-05,4.0
450,bubble_sort,,Structured,1.589999999929148e-05,4.0
451,bubble_sort,,Structured,1.3400000000274304e-05,4.0
452,bubble_sort,,Structured,1.2699999999199463e-05,4.0
453,bubble_sort,,Structured,1.2500000000414957e-05,4.0
454,bubble_sort,,Structured,1.2399999999246347e-05,4.0
455,insertion_sort,,Structured,1.0500000000135401e-05,4.0
456,insertion_sort,,Structured,9.300000000322939e-06,4.0
457,insertion_sort,,Structured,8.90000000097757e-06,4.0
458,insertion_sort,,Structured,8.90000000097757e-06,4.0
459,insertion_sort,,Structured,9.000000000369823e-06,4.0
460,quicksort,,Structured,7.089999999898566e-05,4.0
461,quicksort,,Structured,6.810000000001537e-05,4.0
462,quicksort,,Structured,6.720000000015602e-05,4.0
463,quicksort,,Structured,6.709999999898741e-05,4.0
464,quicksort,,Structured,6.729999999954828e-05,4.0
465,mergesort,,Structured,5.840000000034706e-05,4.0
466,mergesort,,Structured,5.390000000105033e-05,4.0
467,mergesort,,Structured,5.300000000119098e-05,4.0
468,mergesort,,Structured,5.280000000063012e-05,4.0
469,mergesort,,Structured,5.280000000063012e-05,4.0
470,mergesort_combined,,Structured,2.150000000078478e-05,4.0
471,mergesort_combined,,Structured,1.9599999999897477e-05,4.0
472,mergesort_combined,,Structured,1.870000000003813e-05,4.0
473,mergesort_combined,,Structured,1.8600000000645878e-05,4.0
474,mergesort_combined,,Structured,1.870000000003813e-05,4.0
475,bubble_sort,,Integers,7.300000000043383e-05,4.0
476,bubble_sort,,Integers,7.100000000015427e-05,4.0
477,bubble_sort,,Integers,7.019999999968718e-05,4.0
478,bubble_sort,,Integers,7.019999999968718e-05,4.0
479,bubble_sort,,Integers,7.020000000146354e-05,4.0
480,insertion_sort,,Integers,5.1099999998527323e-05,4.0
481,insertion_sort,,Integers,5.43000000003957e-05,4.0
482,insertion_sort,,Integers,4.979999999932261e-05,4.0
483,insertion_sort,,Integers,4.9800000001098965e-05,4.0
484,insertion_sort,,Integers,4.979999999932261e-05,4.0
485,quicksort,,Integers,3.4799999999890474e-05,4.0
486,quicksort,,Integers,3.13000000016217e-05,4.0
487,quicksort,,Integers,3.0600000000546856e-05,4.0
488,quicksort,,Integers,3.0600000000546856e-05,4.0
489,quicksort,,Integers,3.080000000110772e-05,4.0
490,mergesort,,Integers,6.259999999969068e-05,4.0
491,mergesort,,Integers,5.899999999847694e-05,4.0
492,mergesort,,Integers,5.799999999922534e-05,4.0
493,mergesort,,Integers,5.799999999922534e-05,4.0
494,mergesort,,Integers,5.8399999998570706e-05,4.0
495,mergesort_combined,,Integers,3.449999999993736e-05,4.0
496,mergesort_combined,,Integers,3.24999999996578e-05,4.0
497,mergesort_combined,,Integers,3.180000000035932e-05,4.0
498,mergesort_combined,,Integers,3.180000000035932e-05,4.0
499,mergesort_combined,,Integers,3.1599999999798456e-05,4.0
500,bubble_sort,,Ascending,1.2299999999854094e-05,5.0
501,bubble_sort,,Ascending,1.0200000000182285e-05,5.0
502,bubble_sort,,Ascending,9.90000000022917e-06,5.0
503,bubble_sort,,Ascending,9.800000000836917e-06,5.0
504,bubble_sort,,Ascending,9.699999999668307e-06,5.0
505,insertion_sort,,Ascending,1.5799999999899228e-05,5.0
506,insertion_sort,,Ascending,1.1300000000602495e-05,5.0
507,insertion_sort,,Ascending,1.089999999948077e-05,5.0
508,insertion_sort,,Ascending,1.0900000001257126e-05,5.0
509,insertion_sort,,Ascending,1.089999999948077e-05,5.0
510,quicksort,,Ascending,0.0003839000000009918,5.0
511,quicksort,,Ascending,0.000374400000000108,5.0
512,quicksort,,Ascending,0.0003811999999996374,5.0
513,quicksort,,Ascending,0.00037719999999907827,5.0
514,quicksort,,Ascending,0.00038029999999977804,5.0
515,mergesort,,Ascending,0.00013150000000017315,5.0
516,mergesort,,Ascending,0.00012350000000083128,5.0
517,mergesort,,Ascending,0.00012259999999919557,5.0
518,mergesort,,Ascending,0.0001228000000015328,5.0
519,mergesort,,Ascending,0.00012240000000041107,5.0
520,mergesort_combined,,Ascending,5.170000000020991e-05,5.0
521,mergesort_combined,,Ascending,4.8599999999510146e-05,5.0
522,mergesort_combined,,Ascending,4.76999999996508e-05,5.0
523,mergesort_combined,,Ascending,4.790000000021166e-05,5.0
524,mergesort_combined,,Ascending,4.779999999904305e-05,5.0
525,bubble_sort,,Descending,0.0003759999999992658,5.0
526,bubble_sort,,Descending,0.0003795000000010873,5.0
527,bubble_sort,,Descending,0.0003758000000004813,5.0
528,bubble_sort,,Descending,0.0003752999999999673,5.0
529,bubble_sort,,Descending,0.0004893999999993071,5.0
530,insertion_sort,,Descending,0.0003520999999988561,5.0
531,insertion_sort,,Descending,0.0003302000000005023,5.0
532,insertion_sort,,Descending,0.0003284000000007836,5.0
533,insertion_sort,,Descending,0.0003286000000013445,5.0
534,insertion_sort,,Descending,0.00032839999999900726,5.0
535,quicksort,,Descending,0.0002471999999986707,5.0
536,quicksort,,Descending,0.00023969999999984282,5.0
537,quicksort,,Descending,0.0002411999999996084,5.0
538,quicksort,,Descending,0.00023900000000054433,5.0
539,quicksort,,Descending,0.00023999999999979593,5.0
540,mergesort,,Descending,0.0001294999999998936,5.0
541,mergesort,,Descending,0.00012279999999975644,5.0
542,mergesort,,Descending,0.00012199999999928934,5.0
543,mergesort,,Descending,0.0001220999999986816,5.0
544,mergesort,,Descending,0.00012199999999928934,5.0
545,mergesort_combined,,Descending,0.0001239999999995689,5.0
546,mergesort_combined,,Descending,0.00012119999999882225,5.0
547,mergesort_combined,,Descending,0.0001201000000001784,5.0
548,mergesort_combined,,Descending,0.00012100000000003774,5.0
549,mergesort_combined,,Descending,0.00011980000000022528,5.0
550,bubble_sort,,Random,0.00029239999999930433,5.0
551,bubble_sort,,Random,0.0002916000000006136,5.0
552,bubble_sort,,Random,0.00030399999999985994,5.0
553,bubble_sort,,Random,0.0002916000000006136,5.0
554,bubble_sort,,Random,0.0002908000000001465,5.0
555,insertion_sort,,Random,0.00021059999999906154,5.0
556,insertion_sort,,Random,0.0002080000000006521,5.0
557,insertion_sort,,Random,0.00020469999999939148,5.0
558,insertion_sort,,Random,0.00020750000000013813,5.0
559,insertion_sort,,Random,0.00021319999999924732,5.0
560,quicksort,,Random,9.860000000116997e-05,5.0
561,quicksort,,Random,8.150000000028967e-05,5.0
562,quicksort,,Random,8.21000000001959e-05,5.0
563,quicksort,,Random,8.139999999912106e-05,5.0
564,quicksort,,Random,7.989999999935549e-05,5.0
565,mergesort,,Random,0.0001478999999999786,5.0
566,mergesort,,Random,0.00013649999999998386,5.0
567,mergesort,,Random,0.00014230000000026166,5.0
568,mergesort,,Random,0.00014089999999988834,5.0
569,mergesort,,Random,0.00016289999999941074,5.0
570,mergesort_combined,,Random,9.649999999972181e-05,5.0
571,mergesort_combined,,Random,9.090000000000487e-05,5.0
572,mergesort_combined,,Random,8.95999999990238e-05,5.0
573,mergesort_combined,,Random,8.940000000023929e-05,5.0
574,mergesort_combined,,Random,8.97000000001924e-05,5.0
575,bubble_sort,,Structured,2.590000000068926e-05,5.0
576,bubble_sort,,Structured,2.3500000001064336e-05,5.0
577,bubble_sort,,Structured,2.320000000111122e-05,5.0
578,bubble_sort,,Structured,2.3199999999334864e-05,5.0
579,bubble_sort,,Structured,2.3300000000503474e-05,5.0
580,insertion_sort,,Structured,1.8899999998822636e-05,5.0
581,insertion_sort,,Structured,1.750000000022567e-05,5.0
582,insertion_sort,,Structured,1.71000000008803e-05,5.0
583,insertion_sort,,Structured,1.6900000000319437e-05,5.0
584,insertion_sort,,Structured,1.699999999971169e-05,5.0
585,quicksort,,Structured,0.0003177999999994796,5.0
586,quicksort,,Structured,0.0004132999999999498,5.0
587,quicksort,,Structured,0.00038349999999987006,5.0
588,quicksort,,Structured,0.00038239999999944985,5.0
589,quicksort,,Structured,0.0003827999999987952,5.0
590,mergesort,,Structured,0.00018790000000024065,5.0
591,mergesort,,Structured,0.00018320000000038306,5.0
592,mergesort,,Structured,0.00018260000000047683,5.0
593,mergesort,,Structured,0.00018250000000108457,5.0
594,mergesort,,Structured,0.00018209999999996285,5.0
595,mergesort_combined,,Structured,8.38999999999146e-05,5.0
596,mergesort_combined,,Structured,8.00000000005241e-05,5.0
597,mergesort_combined,,Structured,8.030000000047721e-05,5.0
598,mergesort_combined,,Structured,7.940000000061787e-05,5.0
599,mergesort_combined,,Structured,0.00010639999999995098,5.0
600,bubble_sort,,Integers,0.0002818999999991689,5.0
601,bubble_sort,,Integers,0.0002811000000004782,5.0
602,bubble_sort,,Integers,0.00028050000000057196,5.0
603,bubble_sort,,Integers,0.00028100000000108594,5.0
604,bubble_sort,,Integers,0.0002809999999993096,5.0
605,insertion_sort,,Integers,0.00023479999999942436,5.0
606,insertion_sort,,Integers,0.00018250000000108457,5.0
607,insertion_sort,,Integers,0.00017889999999987083,5.0
608,insertion_sort,,Integers,0.00022799999999989495,5.0
609,insertion_sort,,Integers,0.00018169999999884112,5.0
610,quicksort,,Integers,8.139999999912106e-05,5.0
611,quicksort,,Integers,7.72999999991697e-05,5.0
612,quicksort,,Integers,7.669999999926347e-05,5.0
613,quicksort,,Integers,7.650000000047896e-05,5.0
614,quicksort,,Integers,7.62999999999181e-05,5.0
615,mergesort,,Integers,0.0001438999999994195,5.0
616,mergesort,,Integers,0.00013859999999965567,5.0
617,mergesort,,Integers,0.00013740000000161956,5.0
618,mergesort,,Integers,0.00013840000000087116,5.0
619,mergesort,,Integers,0.00013749999999923546,5.0
620,mergesort_combined,,Integers,9.290000000028442e-05,5.0
621,mergesort_combined,,Integers,8.990000000075327e-05,5.0
622,mergesort_combined,,Integers,8.940000000023929e-05,5.0
623,mergesort_combined,,Integers,8.889999999972531e-05,5.0
624,mergesort_combined,,Integers,8.919999999967843e-05,5.0
625,bubble_sort,,Ascending,2.3000000000550358e-05,6.0
626,bubble_sort,,Ascending,2.0999999998494445e-05,6.0
627,bubble_sort,,Ascending,2.040000000036457e-05,6.0
628,bubble_sort,,Ascending,2.0100000000411455e-05,6.0
629,bubble_sort,,Ascending,1.9899999999850593e-05,6.0
630,insertion_sort,,Ascending,2.3899999998633348e-05,6.0
631,insertion_sort,,Ascending,2.3000000000550358e-05,6.0
632,insertion_sort,,Ascending,2.2700000000597242e-05,6.0
633,insertion_sort,,Ascending,2.2700000000597242e-05,6.0
634,insertion_sort,,Ascending,2.250000000003638e-05,6.0
635,quicksort,,Ascending,0.0013857999999995485,6.0
636,quicksort,,Ascending,0.001376300000000441,6.0
637,quicksort,,Ascending,0.0013700999999990415,6.0
638,quicksort,,Ascending,0.0013716000000005835,6.0
639,quicksort,,Ascending,0.0013702000000002101,6.0
640,mergesort,,Ascending,0.00028490000000047644,6.0
641,mergesort,,Ascending,0.0002805999999999642,6.0
642,mergesort,,Ascending,0.00027719999999931133,6.0
643,mergesort,,Ascending,0.000279499999999544,6.0
644,mergesort,,Ascending,0.00028020000000061884,6.0
645,mergesort_combined,,Ascending,0.0001354999999989559,6.0
646,mergesort_combined,,Ascending,0.00012919999999994047,6.0
647,mergesort_combined,,Ascending,0.00012929999999933273,6.0
648,mergesort_combined,,Ascending,0.00012970000000045445,6.0
649,mergesort_combined,,Ascending,0.00012809999999952026,6.0
650,bubble_sort,,Descending,0.00150199999999856,6.0
651,bubble_sort,,Descending,0.0014998000000012723,6.0
652,bubble_sort,,Descending,0.001508500000001689,6.0
653,bubble_sort,,Descending,0.0015071000000013157,6.0
654,bubble_sort,,Descending,0.0015116000000006125,6.0
655,insertion_sort,,Descending,0.0012919999999994047,6.0
656,insertion_sort,,Descending,0.0013009999999997746,6.0
657,insertion_sort,,Descending,0.0015789000000001607,6.0
658,insertion_sort,,Descending,0.0014348999999995726,6.0
659,insertion_sort,,Descending,0.0013063999999989306,6.0
660,quicksort,,Descending,0.0008718999999999255,6.0
661,quicksort,,Descending,0.0008824000000000609,6.0
662,quicksort,,Descending,0.0008611999999992292,6.0
663,quicksort,,Descending,0.0008623999999990417,6.0
664,quicksort,,Descending,0.0008634000000000697,6.0
665,mergesort,,Descending,0.0002931999999997714,6.0
666,mergesort,,Descending,0.0002828999999984205,6.0
667,mergesort,,Descending,0.00028310000000075775,6.0
668,mergesort,,Descending,0.0002808000000005251,6.0
669,mergesort,,Descending,0.0002876000000000545,6.0
670,mergesort_combined,,Descending,0.000290100000000848,6.0
671,mergesort_combined,,Descending,0.0002866000000008029,6.0
672,mergesort_combined,,Descending,0.0002856999999991672,6.0
673,mergesort_combined,,Descending,0.0005283000000009253,6.0
674,mergesort_combined,,Descending,0.00041110000000088576,6.0
675,bubble_sort,,Random,0.001104299999999725,6.0
676,bubble_sort,,Random,0.001108000000000331,6.0
677,bubble_sort,,Random,0.001123200000000324,6.0
678,bubble_sort,,Random,0.0011019000000001,6.0
679,bubble_sort,,Random,0.0011382999999991483,6.0
680,insertion_sort,,Random,0.000682400000000527,6.0
681,insertion_sort,,Random,0.000682400000000527,6.0
682,insertion_sort,,Random,0.00068329999999861,6.0
683,insertion_sort,,Random,0.0006844000000008066,6.0
684,insertion_sort,,Random,0.0006775999999995008,6.0
685,quicksort,,Random,0.00021330000000041593,6.0
686,quicksort,,Random,0.00020270000000088828,6.0
687,quicksort,,Random,0.00020169999999986032,6.0
688,quicksort,,Random,0.00020189999999864483,6.0
689,quicksort,,Random,0.00020199999999981344,6.0
690,mergesort,,Random,0.00040439999999897225,6.0
691,mergesort,,Random,0.00044910000000086825,6.0
692,mergesort,,Random,0.0004150999999996685,6.0
693,mergesort,,Random,0.00031270000000027665,6.0
694,mergesort,,Random,0.00031339999999957513,6.0
695,mergesort_combined,,Random,0.000282699999999636,6.0
696,mergesort_combined,,Random,0.0002133999999998082,6.0
697,mergesort_combined,,Random,0.00022949999999966053,6.0
698,mergesort_combined,,Random,0.00021070000000023015,6.0
699,mergesort_combined,,Random,0.00020729999999957727,6.0
700,bubble_sort,,Structured,7.740000000033831e-05,6.0
701,bubble_sort,,Structured,7.360000000034006e-05,6.0
702,bubble_sort,,Structured,7.330000000038694e-05,6.0
703,bubble_sort,,Structured,7.319999999921833e-05,6.0
704,bubble_sort,,Structured,7.320000000099469e-05,6.0
705,insertion_sort,,Structured,4.660000000100695e-05,6.0
706,insertion_sort,,Structured,4.5300000000025875e-05,6.0
707,insertion_sort,,Structured,4.510000000124137e-05,6.0
708,insertion_sort,,Structured,4.4700000000119644e-05,6.0
709,insertion_sort,,Structured,4.490000000068051e-05,6.0
710,quicksort,,Structured,0.0007900000000002905,6.0
711,quicksort,,Structured,0.000791500000000056,6.0
712,quicksort,,Structured,0.0007902000000008513,6.0
713,quicksort,,Structured,0.000795700000001176,6.0
714,quicksort,,Structured,0.0007999999999999119,6.0
715,mergesort,,Structured,0.00029089999999953875,6.0
716,mergesort,,Structured,0.00028730000000010136,6.0
717,mergesort,,Structured,0.0002887000000004747,6.0
718,mergesort,,Structured,0.00028619999999968115,6.0
719,mergesort,,Structured,0.00028670000000019513,6.0
720,mergesort_combined,,Structured,0.00015379999999964866,6.0
721,mergesort_combined,,Structured,0.00018250000000108457,6.0
722,mergesort_combined,,Structured,0.0001524999999986676,6.0
723,mergesort_combined,,Structured,0.00014739999999946463,6.0
724,mergesort_combined,,Structured,0.00014680000000133475,6.0
725,bubble_sort,,Integers,0.0010294999999995724,6.0
726,bubble_sort,,Integers,0.001032800000000833,6.0
727,bubble_sort,,Integers,0.0010305000000006004,6.0
728,bubble_sort,,Integers,0.0010305000000006004,6.0
729,bubble_sort,,Integers,0.001028599999999713,6.0
730,insertion_sort,,Integers,0.0006151000000009788,6.0
731,insertion_sort,,Integers,0.0006208999999994802,6.0
732,insertion_sort,,Integers,0.0006147999999992493,6.0
733,insertion_sort,,Integers,0.0006205999999995271,6.0
734,insertion_sort,,Integers,0.000617899999999949,6.0
735,quicksort,,Integers,0.0002183999999996189,6.0
736,quicksort,,Integers,0.0002162999999999471,6.0
737,quicksort,,Integers,0.00021409999999910667,6.0
738,quicksort,,Integers,0.00021749999999975955,6.0
739,quicksort,,Integers,0.00021410000000088303,6.0
740,mergesort,,Integers,0.00030899999999967065,6.0
741,mergesort,,Integers,0.00030250000000009436,6.0
742,mergesort,,Integers,0.00030360000000051457,6.0
743,mergesort,,Integers,0.00030169999999962727,6.0
744,mergesort,,Integers,0.00030169999999962727,6.0
745,mergesort_combined,,Integers,0.00021130000000013638,6.0
746,mergesort_combined,,Integers,0.00020560000000102718,6.0
747,mergesort_combined,,Integers,0.0002049999999993446,6.0
748,mergesort_combined,,Integers,0.00020469999999939148,6.0
749,mergesort_combined,,Integers,0.0002049999999993446,6.0
750,bubble_sort,,Ascending,4.1399999998859016e-05,7.0
751,bubble_sort,,Ascending,4.0300000000215164e-05,7.0
752,bubble_sort,,Ascending,3.9799999999701186e-05,7.0
753,bubble_sort,,Ascending,3.9799999999701186e-05,7.0
754,bubble_sort,,Ascending,3.889999999984184e-05,7.0
755,insertion_sort,,Ascending,4.580000000053985e-05,7.0
756,insertion_sort,,Ascending,4.550000000058674e-05,7.0
757,insertion_sort,,Ascending,4.559999999997899e-05,7.0
758,insertion_sort,,Ascending,4.559999999997899e-05,7.0
759,insertion_sort,,Ascending,4.509999999946501e-05,7.0
760,quicksort,,Ascending,0.005377600000000982,7.0
761,quicksort,,Ascending,0.005389199999999761,7.0
762,quicksort,,Ascending,0.005814699999998396,7.0
763,quicksort,,Ascending,0.0054213999999994655,7.0
764,quicksort,,Ascending,0.005491199999999807,7.0
765,mergesort,,Ascending,0.0006238999999990114,7.0
766,mergesort,,Ascending,0.0006164000000001835,7.0
767,mergesort,,Ascending,0.0006131000000006992,7.0
768,mergesort,,Ascending,0.0006120999999996712,7.0
769,mergesort,,Ascending,0.0006137000000006054,7.0
770,mergesort_combined,,Ascending,0.0003208000000007871,7.0
771,mergesort_combined,,Ascending,0.0003197000000003669,7.0
772,mergesort_combined,,Ascending,0.00031629999999971403,7.0
773,mergesort_combined,,Ascending,0.0003806999999991234,7.0
774,mergesort_combined,,Ascending,0.00031939999999863744,7.0
775,bubble_sort,,Descending,0.005884499999998738,7.0
776,bubble_sort,,Descending,0.006021199999999283,7.0
777,bubble_sort,,Descending,0.005939400000000816,7.0
778,bubble_sort,,Descending,0.00590259999999887,7.0
779,bubble_sort,,Descending,0.006456500000000531,7.0
780,insertion_sort,,Descending,0.005100099999999941,7.0
781,insertion_sort,,Descending,0.0051299000000000206,7.0
782,insertion_sort,,Descending,0.005177800000000232,7.0
783,insertion_sort,,Descending,0.005129499999998899,7.0
784,insertion_sort,,Descending,0.005128699999998432,7.0
785,quicksort,,Descending,0.0033226000000006195,7.0
786,quicksort,,Descending,0.0033700999999997094,7.0
787,quicksort,,Descending,0.0033231999999987494,7.0
788,quicksort,,Descending,0.0033180999999995464,7.0
789,quicksort,,Descending,0.0033199000000010415,7.0
790,mergesort,,Descending,0.0006355999999989592,7.0
791,mergesort,,Descending,0.0006269000000003189,7.0
792,mergesort,,Descending,0.0006251000000006002,7.0
793,mergesort,,Descending,0.0006243000000001331,7.0
794,mergesort,,Descending,0.0006257999999998987,7.0
795,mergesort_combined,,Descending,0.0006477000000000288,7.0
796,mergesort_combined,,Descending,0.0006483999999993273,7.0
797,mergesort_combined,,Descending,0.0006518999999993724,7.0
798,mergesort_combined,,Descending,0.0006498999999990929,7.0
799,mergesort_combined,,Descending,0.0006484000000011036,7.0
800,bubble_sort,,Random,0.004286099999999848,7.0
801,bubble_sort,,Random,0.004361300000001123,7.0
802,bubble_sort,,Random,0.00429440000000092,7.0
803,bubble_sort,,Random,0.004295400000000171,7.0
804,bubble_sort,,Random,0.004291600000000173,7.0
805,insertion_sort,,Random,0.002580599999999933,7.0
806,insertion_sort,,Random,0.0025927000000010025,7.0
807,insertion_sort,,Random,0.0025709000000002646,7.0
808,insertion_sort,,Random,0.002593600000000862,7.0
809,insertion_sort,,Random,0.0025677000000001726,7.0
810,quicksort,,Random,0.0005383000000005467,7.0
811,quicksort,,Random,0.0005363000000002671,7.0
812,quicksort,,Random,0.0005337999999994736,7.0
813,quicksort,,Random,0.0005348000000005015,7.0
814,quicksort,,Random,0.0005337999999994736,7.0
815,mergesort,,Random,0.0006907999999992143,7.0
816,mergesort,,Random,0.0007039999999989277,7.0
817,mergesort,,Random,0.0006821999999999662,7.0
818,mergesort,,Random,0.0006833000000003864,7.0
819,mergesort,,Random,0.0006886000000001502,7.0
820,mergesort_combined,,Random,0.00046670000000048617,7.0
821,mergesort_combined,,Random,0.0004711999999997829,7.0
822,mergesort_combined,,Random,0.00046809999999908314,7.0
823,mergesort_combined,,Random,0.00046449999999964575,7.0
824,mergesort_combined,,Random,0.00046999999999997044,7.0
825,bubble_sort,,Structured,0.0002568000000007231,7.0
826,bubble_sort,,Structured,0.0002511999999992298,7.0
827,bubble_sort,,Structured,0.00025079999999988445,7.0
828,bubble_sort,,Structured,0.00025010000000058596,7.0
829,bubble_sort,,Structured,0.00025069999999871584,7.0
830,insertion_sort,,Structured,0.0001259000000004562,7.0
831,insertion_sort,,Structured,0.0001256000000005031,7.0
832,insertion_sort,,Structured,0.0001250999999999891,7.0
833,insertion_sort,,Structured,0.00012500000000059686,7.0
834,insertion_sort,,Structured,0.00012500000000059686,7.0
835,quicksort,,Structured,0.0025207999999992126,7.0
836,quicksort,,Structured,0.0025229999999982766,7.0
837,quicksort,,Structured,0.002527299999998789,7.0
838,quicksort,,Structured,0.0025538999999987766,7.0
839,quicksort,,Structured,0.002535500000000468,7.0
840,mergesort,,Structured,0.0006442999999993759,7.0
841,mergesort,,Structured,0.0006377999999997996,7.0
842,mergesort,,Structured,0.0006383000000003136,7.0
843,mergesort,,Structured,0.0006374000000004543,7.0
844,mergesort,,Structured,0.0006377999999997996,7.0
845,mergesort_combined,,Structured,0.0003856999999989341,7.0
846,mergesort_combined,,Structured,0.0003831000000005247,7.0
847,mergesort_combined,,Structured,0.00038499999999963563,7.0
848,mergesort_combined,,Structured,0.00038239999999944985,7.0
849,mergesort_combined,,Structured,0.0003823000000000576,7.0
850,bubble_sort,,Integers,0.0040730999999993855,7.0
851,bubble_sort,,Integers,0.004113900000000115,7.0
852,bubble_sort,,Integers,0.004104300000001615,7.0
853,bubble_sort,,Integers,0.0041202000000009065,7.0
854,bubble_sort,,Integers,0.004101000000000354,7.0
855,insertion_sort,,Integers,0.0023538999999992427,7.0
856,insertion_sort,,Integers,0.0023740999999990464,7.0
857,insertion_sort,,Integers,0.0023780999999996055,7.0
858,insertion_sort,,Integers,0.00237829999999839,7.0
859,insertion_sort,,Integers,0.002436599999999345,7.0
860,quicksort,,Integers,0.0004940999999991647,7.0
861,quicksort,,Integers,0.000490400000000335,7.0
862,quicksort,,Integers,0.0004889999999999617,7.0
863,quicksort,,Integers,0.0004900000000009896,7.0
864,quicksort,,Integers,0.0004887000000000086,7.0
865,mergesort,,Integers,0.0007120000000000459,7.0
866,mergesort,,Integers,0.0007006000000000512,7.0
867,mergesort,,Integers,0.000698999999999117,7.0
868,mergesort,,Integers,0.0006997000000001918,7.0
869,mergesort,,Integers,0.0006986999999991639,7.0
870,mergesort_combined,,Integers,0.0004973999999986489,7.0
871,mergesort_combined,,Integers,0.0004927999999999599,7.0
872,mergesort_combined,,Integers,0.0004920000000012692,7.0
873,mergesort_combined,,Integers,0.0004938000000009879,7.0
874,mergesort_combined,,Integers,0.0004913999999995866,7.0
875,bubble_sort,,Ascending,7.929999999944926e-05,8.0
876,bubble_sort,,Ascending,7.62999999999181e-05,8.0
877,bubble_sort,,Ascending,7.559999999884326e-05,8.0
878,bubble_sort,,Ascending,7.570000000001187e-05,8.0
879,bubble_sort,,Ascending,7.570000000001187e-05,8.0
880,insertion_sort,,Ascending,8.590000000019415e-05,8.0
881,insertion_sort,,Ascending,8.539999999968018e-05,8.0
882,insertion_sort,,Ascending,8.510000000150342e-05,8.0
883,insertion_sort,,Ascending,8.509999999972706e-05,8.0
884,insertion_sort,,Ascending,8.509999999972706e-05,8.0
885,quicksort,,Ascending,0.021993999999999403,8.0
886,quicksort,,Ascending,0.0222023999999994,8.0
887,quicksort,,Ascending,0.022274599999999367,8.0
888,quicksort,,Ascending,0.02755210000000119,8.0
889,quicksort,,Ascending,0.03191290000000002,8.0
890,mergesort,,Ascending,0.0028015999999997376,8.0
891,mergesort,,Ascending,0.0014385999999984023,8.0
892,mergesort,,Ascending,0.001696300000000761,8.0
893,mergesort,,Ascending,0.0016864999999999242,8.0
894,mergesort,,Ascending,0.0013670999999995104,8.0
895,mergesort_combined,,Ascending,0.0008315000000003181,8.0
896,mergesort_combined,,Ascending,0.0008499999999997954,8.0
897,mergesort_combined,,Ascending,0.0007840000000012282,8.0
898,mergesort_combined,,Ascending,0.0007528000000007751,8.0
899,mergesort_combined,,Ascending,0.0007514000000004017,8.0
900,bubble_sort,,Descending,0.023979199999999423,8.0
901,bubble_sort,,Descending,0.024022599999998562,8.0
902,bubble_sort,,Descending,0.023750200000000277,8.0
903,bubble_sort,,Descending,0.023826800000000148,8.0
904,bubble_sort,,Descending,0.02381600000000006,8.0
905,insertion_sort,,Descending,0.02070589999999939,8.0
906,insertion_sort,,Descending,0.020918299999999945,8.0
907,insertion_sort,,Descending,0.020937899999999843,8.0
908,insertion_sort,,Descending,0.02108390000000071,8.0
909,insertion_sort,,Descending,0.022955100000000783,8.0
910,quicksort,,Descending,0.013684200000000146,8.0
911,quicksort,,Descending,0.013545000000000584,8.0
912,quicksort,,Descending,0.013610999999999152,8.0
913,quicksort,,Descending,0.013816999999999524,8.0
914,quicksort,,Descending,0.01355329999999988,8.0
915,mergesort,,Descending,0.0013664000000002119,8.0
916,mergesort,,Descending,0.0013468000000003144,8.0
917,mergesort,,Descending,0.001342900000000924,8.0
918,mergesort,,Descending,0.0013431999999991007,8.0
919,mergesort,,Descending,0.001344599999999474,8.0
920,mergesort_combined,,Descending,0.0014438999999999425,8.0
921,mergesort_combined,,Descending,0.0014450000000003627,8.0
922,mergesort_combined,,Descending,0.001446700000000689,8.0
923,mergesort_combined,,Descending,0.0014450000000003627,8.0
924,mergesort_combined,,Descending,0.0014443000000010642,8.0
925,bubble_sort,,Random,0.0165323000000015,8.0
926,bubble_sort,,Random,0.016566499999999706,8.0
927,bubble_sort,,Random,0.016578400000000215,8.0
928,bubble_sort,,Random,0.01656859999999938,8.0
929,bubble_sort,,Random,0.016582200000000213,8.0
930,insertion_sort,,Random,0.009685199999999838,8.0
931,insertion_sort,,Random,0.009743500000000793,8.0
932,insertion_sort,,Random,0.009924500000000336,8.0
933,insertion_sort,,Random,0.01214139999999908,8.0
934,insertion_sort,,Random,0.012187700000000135,8.0
935,quicksort,,Random,0.0010139999999996263,8.0
936,quicksort,,Random,0.0010177000000002323,8.0
937,quicksort,,Random,0.0010159999999999059,8.0
938,quicksort,,Random,0.001017100000000326,8.0
939,quicksort,,Random,0.0010159999999999059,8.0
940,mergesort,,Random,0.0015857999999990824,8.0
941,mergesort,,Random,0.0015654999999998864,8.0
942,mergesort,,Random,0.0015665000000009144,8.0
943,mergesort,,Random,0.0015857999999990824,8.0
944,mergesort,,Random,0.0015738000000009578,8.0
945,mergesort_combined,,Random,0.0011991000000008967,8.0
946,mergesort_combined,,Random,0.0011941999999987019,8.0
947,mergesort_combined,,Random,0.0011969000000000563,8.0
948,mergesort_combined,,Random,0.001192599999999544,8.0
949,mergesort_combined,,Random,0.001195799999999636,8.0
950,bubble_sort,,Structured,0.0010235999999999024,8.0
951,bubble_sort,,Structured,0.0009017999999993975,8.0
952,bubble_sort,,Structured,0.0008213000000001358,8.0
953,bubble_sort,,Structured,0.0008140000000000924,8.0
954,bubble_sort,,Structured,0.0008207000000002296,8.0
955,insertion_sort,,Structured,0.00035570000000006985,8.0
956,insertion_sort,,Structured,0.00035749999999978854,8.0
957,insertion_sort,,Structured,0.0003559000000006307,8.0
958,insertion_sort,,Structured,0.0003551000000001636,8.0
959,insertion_sort,,Structured,0.000355499999999509,8.0
960,quicksort,,Structured,0.010800099999999091,8.0
961,quicksort,,Structured,0.009058599999999473,8.0
962,quicksort,,Structured,0.007782000000000622,8.0
963,quicksort,,Structured,0.007740799999998771,8.0
964,quicksort,,Structured,0.0076875000000011795,8.0
965,mergesort,,Structured,0.001420099999998925,8.0
966,mergesort,,Structured,0.0013993000000009914,8.0
967,mergesort,,Structured,0.0014255000000016338,8.0
968,mergesort,,Structured,0.0013988000000004774,8.0
969,mergesort,,Structured,0.0013977999999994495,8.0
970,mergesort_combined,,Structured,0.0010230999999993884,8.0
971,mergesort_combined,,Structured,0.0010589000000003068,8.0
972,mergesort_combined,,Structured,0.00116539999999965,8.0
973,mergesort_combined,,Structured,0.0010263999999988727,8.0
974,mergesort_combined,,Structured,0.0010238999999998555,8.0
975,bubble_sort,,Integers,0.018032899999999685,8.0
976,bubble_sort,,Integers,0.017535399999999868,8.0
977,bubble_sort,,Integers,0.017497800000001007,8.0
978,bubble_sort,,Integers,0.020270299999999963,8.0
979,bubble_sort,,Integers,0.016947400000001167,8.0
980,insertion_sort,,Integers,0.010116800000000481,8.0
981,insertion_sort,,Integers,0.010045399999999205,8.0
982,insertion_sort,,Integers,0.010022400000000431,8.0
983,insertion_sort,,Integers,0.009987300000000587,8.0
984,insertion_sort,,Integers,0.0099885000000004,8.0
985,quicksort,,Integers,0.0010835999999994073,8.0
986,quicksort,,Integers,0.0010832000000000619,8.0
987,quicksort,,Integers,0.0010820000000002494,8.0
988,quicksort,,Integers,0.0010871000000012288,8.0
989,quicksort,,Integers,0.0010836999999987995,8.0
990,mergesort,,Integers,0.0014972000000010866,8.0
991,mergesort,,Integers,0.0014912000000002479,8.0
992,mergesort,,Integers,0.0014918999999995464,8.0
993,mergesort,,Integers,0.001493899999999826,8.0
994,mergesort,,Integers,0.0014907999999991262,8.0
995,mergesort_combined,,Integers,0.0011299999999998533,8.0
996,mergesort_combined,,Integers,0.0011288999999994331,8.0
997,mergesort_combined,,Integers,0.001129099999999994,8.0
998,mergesort_combined,,Integers,0.0011279000000001815,8.0
999,mergesort_combined,,Integers,0.0011286000000012564,8.0
1000,bubble_sort,,Ascending,0.00015250000000044395,9.0
1001,bubble_sort,,Ascending,0.00015019999999843492,9.0
1002,bubble_sort,,Ascending,0.00014990000000025816,9.0
1003,bubble_sort,,Ascending,0.00014909999999979107,9.0
1004,bubble_sort,,Ascending,0.00014929999999857557,9.0
1005,insertion_sort,,Ascending,0.00017449999999996635,9.0
1006,insertion_sort,,Ascending,0.00017309999999959302,9.0
1007,insertion_sort,,Ascending,0.00017270000000024766,9.0
1008,insertion_sort,,Ascending,0.00017300000000020077,9.0
1009,insertion_sort,,Ascending,0.0001726000000008554,9.0
1010,quicksort,,Ascending,0.0886534000000001,9.0
1011,quicksort,,Ascending,0.0881065999999997,9.0
1012,quicksort,,Ascending,0.08815880000000043,9.0
1013,quicksort,,Ascending,0.09243009999999963,9.0
1014,quicksort,,Ascending,0.08856729999999935,9.0
1015,mergesort,,Ascending,0.002947300000000652,9.0
1016,mergesort,,Ascending,0.002951899999999341,9.0
1017,mergesort,,Ascending,0.002953700000000836,9.0
1018,mergesort,,Ascending,0.0029492999999991554,9.0
1019,mergesort,,Ascending,0.002965400000000784,9.0
1020,mergesort_combined,,Ascending,0.0017607000000001705,9.0
1021,mergesort_combined,,Ascending,0.0017630000000004031,9.0
1022,mergesort_combined,,Ascending,0.001761399999999469,9.0
1023,mergesort_combined,,Ascending,0.0017621000000005438,9.0
1024,mergesort_combined,,Ascending,0.0017631999999991876,9.0
1025,bubble_sort,,Descending,0.09596729999999987,9.0
1026,bubble_sort,,Descending,0.09599550000000079,9.0
1027,bubble_sort,,Descending,0.0960080000000012,9.0
1028,bubble_sort,,Descending,0.09978040000000021,9.0
1029,bubble_sort,,Descending,0.09609179999999995,9.0
1030,insertion_sort,,Descending,0.10991379999999928,9.0
1031,insertion_sort,,Descending,0.09414149999999921,9.0
1032,insertion_sort,,Descending,0.08666410000000013,9.0
1033,insertion_sort,,Descending,0.08591230000000039,9.0
1034,insertion_sort,,Descending,0.09044930000000129,9.0
1035,quicksort,,Descending,0.05520540000000018,9.0
1036,quicksort,,Descending,0.05519540000000056,9.0
1037,quicksort,,Descending,0.05550999999999995,9.0
1038,quicksort,,Descending,0.059104700000000676,9.0
1039,quicksort,,Descending,0.055266200000000154,9.0
1040,mergesort,,Descending,0.002971300000000454,9.0
1041,mergesort,,Descending,0.002931300000000192,9.0
1042,mergesort,,Descending,0.002939099999998973,9.0
1043,mergesort,,Descending,0.002937199999999862,9.0
1044,mergesort,,Descending,0.0029364999999987873,9.0
1045,mergesort_combined,,Descending,0.003278500000000406,9.0
1046,mergesort_combined,,Descending,0.0032385999999995363,9.0
1047,mergesort_combined,,Descending,0.00323209999999996,9.0
1048,mergesort_combined,,Descending,0.003237900000000238,9.0
1049,mergesort_combined,,Descending,0.0032364999999998645,9.0
1050,bubble_sort,,Random,0.06887640000000061,9.0
1051,bubble_sort,,Random,0.06842650000000106,9.0
1052,bubble_sort,,Random,0.06821680000000008,9.0
1053,bubble_sort,,Random,0.06822969999999984,9.0
1054,bubble_sort,,Random,0.0718071000000009,9.0
1055,insertion_sort,,Random,0.04386749999999928,9.0
1056,insertion_sort,,Random,0.04560799999999965,9.0
1057,insertion_sort,,Random,0.046590199999998916,9.0
1058,insertion_sort,,Random,0.048550699999999836,9.0
1059,insertion_sort,,Random,0.043754399999999194,9.0
1060,quicksort,,Random,0.0026090999999990316,9.0
1061,quicksort,,Random,0.002598700000000065,9.0
1062,quicksort,,Random,0.0025994999999987556,9.0
1063,quicksort,,Random,0.0026021000000007177,9.0
1064,quicksort,,Random,0.0026177999999994483,9.0
1065,mergesort,,Random,0.00329080000000026,9.0
1066,mergesort,,Random,0.0032842999999989075,9.0
1067,mergesort,,Random,0.003281600000001106,9.0
1068,mergesort,,Random,0.0034015000000007234,9.0
1069,mergesort,,Random,0.003311300000000017,9.0
1070,mergesort_combined,,Random,0.002565999999999846,9.0
1071,mergesort_combined,,Random,0.0025256000000002388,9.0
1072,mergesort_combined,,Random,0.0025252000000008934,9.0
1073,mergesort_combined,,Random,0.002541700000000091,9.0
1074,mergesort_combined,,Random,0.0025183000000001954,9.0
1075,bubble_sort,,Structured,0.002521999999999025,9.0
1076,bubble_sort,,Structured,0.002519799999999961,9.0
1077,bubble_sort,,Structured,0.002509899999999732,9.0
1078,bubble_sort,,Structured,0.003172899999999146,9.0
1079,bubble_sort,,Structured,0.003267299999999196,9.0
1080,insertion_sort,,Structured,0.00168910000000011,9.0
1081,insertion_sort,,Structured,0.0016894999999994553,9.0
1082,insertion_sort,,Structured,0.0016886999999989882,9.0
1083,insertion_sort,,Structured,0.001690600000001652,9.0
1084,insertion_sort,,Structured,0.0016875000000009521,9.0
1085,quicksort,,Structured,0.024563399999999902,9.0
1086,quicksort,,Structured,0.024014199999999875,9.0
1087,quicksort,,Structured,0.024175699999998912,9.0
1088,quicksort,,Structured,0.024040199999999956,9.0
1089,quicksort,,Structured,0.023995499999999836,9.0
1090,mergesort,,Structured,0.0030796999999989083,9.0
1091,mergesort,,Structured,0.0030903000000002123,9.0
1092,mergesort,,Structured,0.003066799999999148,9.0
1093,mergesort,,Structured,0.003071000000000268,9.0
1094,mergesort,,Structured,0.003068400000000082,9.0
1095,mergesort_combined,,Structured,0.002222200000000285,9.0
1096,mergesort_combined,,Structured,0.002218900000000801,9.0
1097,mergesort_combined,,Structured,0.0022213000000004257,9.0
1098,mergesort_combined,,Structured,0.0022158999999994933,9.0
1099,mergesort_combined,,Structured,0.0022137999999998215,9.0
1100,bubble_sort,,Integers,0.07209789999999927,9.0
1101,bubble_sort,,Integers,0.0716234999999994,9.0
1102,bubble_sort,,Integers,0.0783699999999996,9.0
1103,bubble_sort,,Integers,0.07157830000000054,9.0
1104,bubble_sort,,Integers,0.07254769999999944,9.0
1105,insertion_sort,,Integers,0.046308999999999045,9.0
1106,insertion_sort,,Integers,0.045225799999998983,9.0
1107,insertion_sort,,Integers,0.04532380000000025,9.0
1108,insertion_sort,,Integers,0.04902129999999971,9.0
1109,insertion_sort,,Integers,0.04615429999999954,9.0
1110,quicksort,,Integers,0.0022172000000004743,9.0
1111,quicksort,,Integers,0.002270499999999842,9.0
1112,quicksort,,Integers,0.00220800000000132,9.0
1113,quicksort,,Integers,0.002203299999999686,9.0
1114,quicksort,,Integers,0.0022041999999995454,9.0
1115,mergesort,,Integers,0.0034941000000010547,9.0
1116,mergesort,,Integers,0.003488100000000216,9.0
1117,mergesort,,Integers,0.003484600000000171,9.0
1118,mergesort,,Integers,0.00347960000000036,9.0
1119,mergesort,,Integers,0.00347960000000036,9.0
1120,mergesort_combined,,Integers,0.0026592000000000837,9.0
1121,mergesort_combined,,Integers,0.0026893000000001166,9.0
1122,mergesort_combined,,Integers,0.0026726999999997503,9.0
1123,mergesort_combined,,Integers,0.002684300000000306,9.0
1124,mergesort_combined,,Integers,0.0026561000000011603,9.0
1125,bubble_sort,,Ascending,0.00030540000000023326,10.0
1126,bubble_sort,,Ascending,0.00030869999999971753,10.0
1127,bubble_sort,,Ascending,0.0003068000000006066,10.0
1128,bubble_sort,,Ascending,0.0003112999999999033,10.0
1129,bubble_sort,,Ascending,0.0003150000000005093,10.0
1130,insertion_sort,,Ascending,0.000344000000000122,10.0
1131,insertion_sort,,Ascending,0.0003509999999984359,10.0
1132,insertion_sort,,Ascending,0.00034780000000012024,10.0
1133,insertion_sort,,Ascending,0.0003480000000006811,10.0
1134,insertion_sort,,Ascending,0.0003863000000006167,10.0
1135,quicksort,,Ascending,0.3799600999999999,10.0
1136,quicksort,,Ascending,0.3724771000000011,10.0
1137,quicksort,,Ascending,0.4118860999999967,10.0
1138,quicksort,,Ascending,0.37501119999999943,10.0
1139,quicksort,,Ascending,0.37681659999999795,10.0
1140,mergesort,,Ascending,0.00648249999999706,10.0
1141,mergesort,,Ascending,0.006471299999997626,10.0
1142,mergesort,,Ascending,0.006477199999999073,10.0
1143,mergesort,,Ascending,0.00647740000000141,10.0
1144,mergesort,,Ascending,0.006485100000002575,10.0
1145,mergesort_combined,,Ascending,0.004097800000000262,10.0
1146,mergesort_combined,,Ascending,0.004101299999998531,10.0
1147,mergesort_combined,,Ascending,0.0041149999999987585,10.0
1148,mergesort_combined,,Ascending,0.004097300000001525,10.0
1149,mergesort_combined,,Ascending,0.004099199999998859,10.0
1150,bubble_sort,,Descending,0.3939596000000023,10.0
1151,bubble_sort,,Descending,0.3844461999999993,10.0
1152,bubble_sort,,Descending,0.40528970000000086,10.0
1153,bubble_sort,,Descending,0.39376980000000117,10.0
1154,bubble_sort,,Descending,0.4027856000000014,10.0
1155,insertion_sort,,Descending,0.35453969999999657,10.0
1156,insertion_sort,,Descending,0.3498049000000023,10.0
1157,insertion_sort,,Descending,0.36717570000000066,10.0
1158,insertion_sort,,Descending,0.35018610000000194,10.0
1159,insertion_sort,,Descending,0.3777485000000027,10.0
1160,quicksort,,Descending,0.26088379999999844,10.0
1161,quicksort,,Descending,0.2350342000000012,10.0
1162,quicksort,,Descending,0.22515519999999967,10.0
1163,quicksort,,Descending,0.22394909999999868,10.0
1164,quicksort,,Descending,0.22343620000000186,10.0
1165,mergesort,,Descending,0.006466199999998423,10.0
1166,mergesort,,Descending,0.006527300000001901,10.0
1167,mergesort,,Descending,0.008662499999999795,10.0
1168,mergesort,,Descending,0.009578499999999934,10.0
1169,mergesort,,Descending,0.006524200000001201,10.0
1170,mergesort_combined,,Descending,0.007300799999999441,10.0
1171,mergesort_combined,,Descending,0.007357200000001285,10.0
1172,mergesort_combined,,Descending,0.007266099999998943,10.0
1173,mergesort_combined,,Descending,0.007351999999997361,10.0
1174,mergesort_combined,,Descending,0.007281600000002442,10.0
1175,bubble_sort,,Random,0.27560709999999844,10.0
1176,bubble_sort,,Random,0.2820417000000006,10.0
1177,bubble_sort,,Random,0.2724283000000014,10.0
1178,bubble_sort,,Random,0.2851146,10.0
1179,bubble_sort,,Random,0.27986689999999825,10.0
1180,insertion_sort,,Random,0.1807561999999976,10.0
1181,insertion_sort,,Random,0.1835374000000023,10.0
1182,insertion_sort,,Random,0.17664339999999967,10.0
1183,insertion_sort,,Random,0.18979050000000086,10.0
1184,insertion_sort,,Random,0.18008300000000332,10.0
1185,quicksort,,Random,0.0060310999999977355,10.0
1186,quicksort,,Random,0.006021199999999283,10.0
1187,quicksort,,Random,0.006016900000002323,10.0
1188,quicksort,,Random,0.006035199999999463,10.0
1189,quicksort,,Random,0.006024199999998814,10.0
1190,mergesort,,Random,0.007333700000000221,10.0
1191,mergesort,,Random,0.007587599999997252,10.0
1192,mergesort,,Random,0.00729159999999851,10.0
1193,mergesort,,Random,0.007315700000003034,10.0
1194,mergesort,,Random,0.0073019999999992535,10.0
1195,mergesort_combined,,Random,0.005804600000001159,10.0
1196,mergesort_combined,,Random,0.005769300000000754,10.0
1197,mergesort_combined,,Random,0.00576549999999898,10.0
1198,mergesort_combined,,Random,0.005777999999999395,10.0
1199,mergesort_combined,,Random,0.0057652999999966426,10.0
1200,bubble_sort,,Structured,0.008573800000000631,10.0
1201,bubble_sort,,Structured,0.008634699999998219,10.0
1202,bubble_sort,,Structured,0.008534199999999714,10.0
1203,bubble_sort,,Structured,0.008512299999999584,10.0
1204,bubble_sort,,Structured,0.008528999999999343,10.0
1205,insertion_sort,,Structured,0.0037657000000024254,10.0
1206,insertion_sort,,Structured,0.0037106000000015626,10.0
1207,insertion_sort,,Structured,0.003709499999999366,10.0
1208,insertion_sort,,Structured,0.0037346000000013646,10.0
1209,insertion_sort,,Structured,0.0037197999999989406,10.0
1210,quicksort,,Structured,0.0668571,10.0
1211,quicksort,,Structured,0.06686480000000117,10.0
1212,quicksort,,Structured,0.06724970000000141,10.0
1213,quicksort,,Structured,0.06699950000000143,10.0
1214,quicksort,,Structured,0.06684510000000188,10.0
1215,mergesort,,Structured,0.006862800000000391,10.0
1216,mergesort,,Structured,0.006852299999998479,10.0
1217,mergesort,,Structured,0.006875900000000712,10.0
1218,mergesort,,Structured,0.006811899999998872,10.0
1219,mergesort,,Structured,0.006812799999998731,10.0
1220,mergesort_combined,,Structured,0.005151699999998982,10.0
1221,mergesort_combined,,Structured,0.005195199999999289,10.0
1222,mergesort_combined,,Structured,0.005168300000001125,10.0
1223,mergesort_combined,,Structured,0.007167800000001279,10.0
1224,mergesort_combined,,Structured,0.007716300000002008,10.0
1225,bubble_sort,,Integers,0.279706400000002,10.0
1226,bubble_sort,,Integers,0.28911640000000105,10.0
1227,bubble_sort,,Integers,0.31267599999999973,10.0
1228,bubble_sort,,Integers,0.2931871999999984,10.0
1229,bubble_sort,,Integers,0.28364520000000226,10.0
1230,insertion_sort,,Integers,0.1866450999999998,10.0
1231,insertion_sort,,Integers,0.18080270000000098,10.0
1232,insertion_sort,,Integers,0.1773003000000024,10.0
1233,insertion_sort,,Integers,0.1841866000000003,10.0
1234,insertion_sort,,Integers,0.17725539999999995,10.0
1235,quicksort,,Integers,0.006654299999997448,10.0
1236,quicksort,,Integers,0.007850499999999982,10.0
1237,quicksort,,Integers,0.007403199999998833,10.0
1238,quicksort,,Integers,0.005437300000000533,10.0
1239,quicksort,,Integers,0.00524289999999894,10.0
1240,mergesort,,Integers,0.0073435000000010575,10.0
1241,mergesort,,Integers,0.007296800000002435,10.0
1242,mergesort,,Integers,0.007297999999998694,10.0
1243,mergesort,,Integers,0.007307499999999578,10.0
1244,mergesort,,Integers,0.007312599999998781,10.0
1245,mergesort_combined,,Integers,0.005783999999998457,10.0
1246,mergesort_combined,,Integers,0.005737299999999834,10.0
1247,mergesort_combined,,Integers,0.005784699999999532,10.0
1248,mergesort_combined,,Integers,0.005740799999998103,10.0
1249,mergesort_combined,,Integers,0.005739899999998244,10.0
1250,bubble_sort,,Ascending,0.0007914999999982797,11.0
1251,bubble_sort,,Ascending,0.00080019999999692,11.0
1252,bubble_sort,,Ascending,0.0007894000000021606,11.0
1253,bubble_sort,,Ascending,0.0008000000000016882,11.0
1254,bubble_sort,,Ascending,0.0007887999999987017,11.0
1255,insertion_sort,,Ascending,0.0011068999999999107,11.0
1256,insertion_sort,,Ascending,0.0011113999999992075,11.0
1257,insertion_sort,,Ascending,0.001110199999999395,11.0
1258,insertion_sort,,Ascending,0.001111500000000376,11.0
1259,insertion_sort,,Ascending,0.0010808999999980529,11.0
1260,quicksort,,Ascending,1.5136700999999988,11.0
1261,quicksort,,Ascending,1.5095208000000007,11.0
1262,quicksort,,Ascending,1.485865399999998,11.0
1263,quicksort,,Ascending,1.4995706000000055,11.0
1264,quicksort,,Ascending,1.4686206000000013,11.0
1265,mergesort,,Ascending,0.014107299999999157,11.0
1266,mergesort,,Ascending,0.014034600000002229,11.0
1267,mergesort,,Ascending,0.014694699999999727,11.0
1268,mergesort,,Ascending,0.01419060000000627,11.0
1269,mergesort,,Ascending,0.014049299999996379,11.0
1270,mergesort_combined,,Ascending,0.013732400000002087,11.0
1271,mergesort_combined,,Ascending,0.010206400000001281,11.0
1272,mergesort_combined,,Ascending,0.00924930000000046,11.0
1273,mergesort_combined,,Ascending,0.009251900000002422,11.0
1274,mergesort_combined,,Ascending,0.00926640000000134,11.0
1275,bubble_sort,,Descending,1.6362141000000037,11.0
1276,bubble_sort,,Descending,1.628647800000003,11.0
1277,bubble_sort,,Descending,1.623777699999998,11.0
1278,bubble_sort,,Descending,1.7122099000000048,11.0
1279,bubble_sort,,Descending,1.665812299999999,11.0
1280,insertion_sort,,Descending,1.467158099999999,11.0
1281,insertion_sort,,Descending,1.4634124000000028,11.0
1282,insertion_sort,,Descending,1.4773916999999983,11.0
1283,insertion_sort,,Descending,1.467907099999998,11.0
1284,insertion_sort,,Descending,1.5385659999999959,11.0
1285,quicksort,,Descending,0.920338000000001,11.0
1286,quicksort,,Descending,0.9632136999999972,11.0
1287,quicksort,,Descending,0.9328518000000017,11.0
1288,quicksort,,Descending,0.8960713999999967,11.0
1289,quicksort,,Descending,0.9135629000000023,11.0
1290,mergesort,,Descending,0.01505949999999956,11.0
1291,mergesort,,Descending,0.01569369999999992,11.0
1292,mergesort,,Descending,0.014472099999998989,11.0
1293,mergesort,,Descending,0.014694099999999821,11.0
1294,mergesort,,Descending,0.014826399999996909,11.0
1295,mergesort_combined,,Descending,0.017472800000000177,11.0
1296,mergesort_combined,,Descending,0.022190300000005436,11.0
1297,mergesort_combined,,Descending,0.01606660000000204,11.0
1298,mergesort_combined,,Descending,0.016092499999999177,11.0
1299,mergesort_combined,,Descending,0.0161580999999984,11.0
1300,bubble_sort,,Random,1.123904699999997,11.0
1301,bubble_sort,,Random,1.1210061999999965,11.0
1302,bubble_sort,,Random,1.1492091000000002,11.0
1303,bubble_sort,,Random,1.1392245999999986,11.0
1304,bubble_sort,,Random,1.1656075000000001,11.0
1305,insertion_sort,,Random,0.7379184999999993,11.0
1306,insertion_sort,,Random,0.7360506000000058,11.0
1307,insertion_sort,,Random,0.7696688999999992,11.0
1308,insertion_sort,,Random,0.7347996999999964,11.0
1309,insertion_sort,,Random,0.7262680000000046,11.0
1310,quicksort,,Random,0.012385700000010047,11.0
1311,quicksort,,Random,0.012371500000000424,11.0
1312,quicksort,,Random,0.012657200000006696,11.0
1313,quicksort,,Random,0.012900999999999385,11.0
1314,quicksort,,Random,0.016541700000004766,11.0
1315,mergesort,,Random,0.016239600000005794,11.0
1316,mergesort,,Random,0.016274899999999093,11.0
1317,mergesort,,Random,0.01622060000001113,11.0
1318,mergesort,,Random,0.016186599999997497,11.0
1319,mergesort,,Random,0.01622059999999692,11.0
1320,mergesort_combined,,Random,0.012923499999999422,11.0
1321,mergesort_combined,,Random,0.013087100000007013,11.0
1322,mergesort_combined,,Random,0.017840500000005477,11.0
1323,mergesort_combined,,Random,0.013062300000001414,11.0
1324,mergesort_combined,,Random,0.012981300000006968,11.0
1325,bubble_sort,,Structured,0.02752089999999896,11.0
1326,bubble_sort,,Structured,0.032668700000002104,11.0
1327,bubble_sort,,Structured,0.030275500000001898,11.0
1328,bubble_sort,,Structured,0.02717309999999884,11.0
1329,bubble_sort,,Structured,0.031005699999994363,11.0
1330,insertion_sort,,Structured,0.011489299999993818,11.0
1331,insertion_sort,,Structured,0.011482400000005555,11.0
1332,insertion_sort,,Structured,0.011465200000003506,11.0
1333,insertion_sort,,Structured,0.011472300000008318,11.0
1334,insertion_sort,,Structured,0.011489699999998493,11.0
1335,quicksort,,Structured,0.19990830000000415,11.0
1336,quicksort,,Structured,0.1985566000000034,11.0
1337,quicksort,,Structured,0.19438770000000716,11.0
1338,quicksort,,Structured,0.1986985000000061,11.0
1339,quicksort,,Structured,0.20807080000000155,11.0
1340,mergesort,,Structured,0.01502209999999593,11.0
1341,mergesort,,Structured,0.014949699999988297,11.0
1342,mergesort,,Structured,0.01503029999999228,11.0
1343,mergesort,,Structured,0.015014300000004255,11.0
1344,mergesort,,Structured,0.01500850000000753,11.0
1345,mergesort_combined,,Structured,0.011633000000003335,11.0
1346,mergesort_combined,,Structured,0.011630100000004973,11.0
1347,mergesort_combined,,Structured,0.011621099999999274,11.0
1348,mergesort_combined,,Structured,0.016450399999996534,11.0
1349,mergesort_combined,,Structured,0.012039399999991929,11.0
1350,bubble_sort,,Integers,1.1083155000000033,11.0
1351,bubble_sort,,Integers,1.127861700000011,11.0
1352,bubble_sort,,Integers,1.1158757999999978,11.0
1353,bubble_sort,,Integers,1.1222100999999896,11.0
1354,bubble_sort,,Integers,1.1188445000000087,11.0
1355,insertion_sort,,Integers,0.7295349000000044,11.0
1356,insertion_sort,,Integers,0.7286315999999999,11.0
1357,insertion_sort,,Integers,0.7342129999999969,11.0
1358,insertion_sort,,Integers,0.7226499000000075,11.0
1359,insertion_sort,,Integers,0.7473125000000067,11.0
1360,quicksort,,Integers,0.01379080000000954,11.0
1361,quicksort,,Integers,0.013763900000000717,11.0
1362,quicksort,,Integers,0.013767799999996555,11.0
1363,quicksort,,Integers,0.013751799999994319,11.0
1364,quicksort,,Integers,0.01375579999999843,11.0
1365,mergesort,,Integers,0.0163581999999991,11.0
1366,mergesort,,Integers,0.016372099999998113,11.0
1367,mergesort,,Integers,0.016439599999998222,11.0
1368,mergesort,,Integers,0.016436499999997523,11.0
1369,mergesort,,Integers,0.016444100000001072,11.0
1370,mergesort_combined,,Integers,0.013159999999999172,11.0
1371,mergesort_combined,,Integers,0.013148699999987912,11.0
1372,mergesort_combined,,Integers,0.013188499999998271,11.0
1373,mergesort_combined,,Integers,0.013090000000005375,11.0
1374,mergesort_combined,,Integers,0.013102500000002237,11.0
