,Algorithm,2^N,TypeArray,Time
0,bubble_sort,1,Ascending,0.19166889999996783
1,bubble_sort,1,Ascending,1.8000000636675395e-06
2,bubble_sort,1,Ascending,6.999998731771484e-07
3,bubble_sort,1,Ascending,6.000000212225132e-07
4,bubble_sort,1,Ascending,4.999999418942025e-07
5,insertion_sort,1,Ascending,5.80000005356851e-06
6,insertion_sort,1,Ascending,7.000001005508238e-07
7,insertion_sort,1,Ascending,6.000000212225132e-07
8,insertion_sort,1,Ascending,6.000000212225132e-07
9,insertion_sort,1,Ascending,6.000000212225132e-07
10,bubble_sort,1,Descending,5.8999999055231456e-06
11,bubble_sort,1,Descending,7.000001005508238e-07
12,bubble_sort,1,Descending,6.999998731771484e-07
13,bubble_sort,1,Descending,7.000001005508238e-07
14,bubble_sort,1,Descending,6.000000212225132e-07
15,insertion_sort,1,Descending,3.89999991057266e-06
16,insertion_sort,1,Descending,7.999999525054591e-07
17,insertion_sort,1,Descending,6.000000212225132e-07
18,insertion_sort,1,Descending,6.000000212225132e-07
19,insertion_sort,1,Descending,4.999999418942025e-07
20,bubble_sort,1,Random,0.1341959000001225
21,bubble_sort,1,Random,2.1999999262334313e-06
22,bubble_sort,1,Random,6.999998731771484e-07
23,bubble_sort,1,Random,4.999999418942025e-07
24,bubble_sort,1,Random,6.000000212225132e-07
25,insertion_sort,1,Random,5.000000101063051e-06
26,insertion_sort,1,Random,6.999998731771484e-07
27,insertion_sort,1,Random,6.000000212225132e-07
28,insertion_sort,1,Random,4.999999418942025e-07
29,insertion_sort,1,Random,5.999997938488377e-07
30,bubble_sort,1,Structured,7.100000175341847e-06
31,bubble_sort,1,Structured,9.000000318337698e-07
32,bubble_sort,1,Structured,7.000001005508238e-07
33,bubble_sort,1,Structured,6.000000212225132e-07
34,bubble_sort,1,Structured,7.000001005508238e-07
35,insertion_sort,1,Structured,6.200000143508078e-06
36,insertion_sort,1,Structured,9.000000318337698e-07
37,insertion_sort,1,Structured,7.000001005508238e-07
38,insertion_sort,1,Structured,7.000001005508238e-07
39,insertion_sort,1,Structured,1.0000001111620804e-06
40,bubble_sort,1,Integers,0.13496409999993375
41,bubble_sort,1,Integers,1.9999999949504854e-06
42,bubble_sort,1,Integers,6.000000212225132e-07
43,bubble_sort,1,Integers,6.000000212225132e-07
44,bubble_sort,1,Integers,5.000001692678779e-07
45,insertion_sort,1,Integers,5.0999999530176865e-06
46,insertion_sort,1,Integers,7.000001005508238e-07
47,insertion_sort,1,Integers,6.000000212225132e-07
48,insertion_sort,1,Integers,5.000001692678779e-07
49,insertion_sort,1,Integers,6.000000212225132e-07
50,bubble_sort,2,Ascending,8.399999842367833e-06
51,bubble_sort,2,Ascending,1.5999999050109182e-06
52,bubble_sort,2,Ascending,1.0999999631167157e-06
53,bubble_sort,2,Ascending,8.999998044600943e-07
54,bubble_sort,2,Ascending,1.0999999631167157e-06
55,insertion_sort,2,Ascending,5.6000001222855644e-06
56,insertion_sort,2,Ascending,9.000000318337698e-07
57,insertion_sort,2,Ascending,6.999998731771484e-07
58,insertion_sort,2,Ascending,6.000000212225132e-07
59,insertion_sort,2,Ascending,6.000000212225132e-07
60,bubble_sort,2,Descending,6.199999916134402e-06
61,bubble_sort,2,Descending,8.000001798791345e-07
62,bubble_sort,2,Descending,5.999997938488377e-07
63,bubble_sort,2,Descending,6.000000212225132e-07
64,bubble_sort,2,Descending,5.000001692678779e-07
65,insertion_sort,2,Descending,3.89999991057266e-06
66,insertion_sort,2,Descending,7.999999525054591e-07
67,insertion_sort,2,Descending,4.999999418942025e-07
68,insertion_sort,2,Descending,7.000001005508238e-07
69,insertion_sort,2,Descending,6.000000212225132e-07
70,bubble_sort,2,Random,6.900000016685226e-06
71,bubble_sort,2,Random,9.000000318337698e-07
72,bubble_sort,2,Random,7.000001005508238e-07
73,bubble_sort,2,Random,7.000001005508238e-07
74,bubble_sort,2,Random,6.000000212225132e-07
75,insertion_sort,2,Random,5.0999999530176865e-06
76,insertion_sort,2,Random,9.000000318337698e-07
77,insertion_sort,2,Random,6.000000212225132e-07
78,insertion_sort,2,Random,6.000000212225132e-07
79,insertion_sort,2,Random,6.000000212225132e-07
80,bubble_sort,2,Structured,7.400000185953104e-06
81,bubble_sort,2,Structured,1.0000001111620804e-06
82,bubble_sort,2,Structured,7.000001005508238e-07
83,bubble_sort,2,Structured,6.999998731771484e-07
84,bubble_sort,2,Structured,6.999998731771484e-07
85,insertion_sort,2,Structured,3.5000000480067683e-06
86,insertion_sort,2,Structured,7.000001005508238e-07
87,insertion_sort,2,Structured,6.000000212225132e-07
88,insertion_sort,2,Structured,6.999998731771484e-07
89,insertion_sort,2,Structured,7.000001005508238e-07
90,bubble_sort,2,Integers,7.200000027296483e-06
91,bubble_sort,2,Integers,1.9000001429958502e-06
92,bubble_sort,2,Integers,1.6999999843392288e-06
93,bubble_sort,2,Integers,1.6999999843392288e-06
94,bubble_sort,2,Integers,1.5999999050109182e-06
95,insertion_sort,2,Integers,5.500000042957254e-06
96,insertion_sort,2,Integers,1.8000000636675395e-06
97,insertion_sort,2,Integers,1.5999999050109182e-06
98,insertion_sort,2,Integers,1.6999999843392288e-06
99,insertion_sort,2,Integers,1.6000001323845936e-06
100,bubble_sort,3,Ascending,7.500000037907739e-06
101,bubble_sort,3,Ascending,1.4999998256826075e-06
102,bubble_sort,3,Ascending,1.199999815071351e-06
103,bubble_sort,3,Ascending,1.0999999631167157e-06
104,bubble_sort,3,Ascending,1.0999999631167157e-06
105,insertion_sort,3,Ascending,4.79999994240643e-06
106,insertion_sort,3,Ascending,1.2000000424450263e-06
107,insertion_sort,3,Ascending,1.300000121773337e-06
108,insertion_sort,3,Ascending,1.0999999631167157e-06
109,insertion_sort,3,Ascending,1.2000000424450263e-06
110,bubble_sort,3,Descending,6.4000000747910235e-06
111,bubble_sort,3,Descending,9.99999883788405e-07
112,bubble_sort,3,Descending,7.999999525054591e-07
113,bubble_sort,3,Descending,6.999998731771484e-07
114,bubble_sort,3,Descending,6.000000212225132e-07
115,insertion_sort,3,Descending,4.200000148557592e-06
116,insertion_sort,3,Descending,8.000001798791345e-07
117,insertion_sort,3,Descending,6.000000212225132e-07
118,insertion_sort,3,Descending,6.000000212225132e-07
119,insertion_sort,3,Descending,8.000001798791345e-07
120,bubble_sort,3,Random,1.330000009147625e-05
121,bubble_sort,3,Random,2.0999998469051206e-06
122,bubble_sort,3,Random,1.8000000636675395e-06
123,bubble_sort,3,Random,1.5999999050109182e-06
124,bubble_sort,3,Random,1.500000053056283e-06
125,insertion_sort,3,Random,7.000000096013537e-06
126,insertion_sort,3,Random,1.0999999631167157e-06
127,insertion_sort,3,Random,9.000000318337698e-07
128,insertion_sort,3,Random,9.000000318337698e-07
129,insertion_sort,3,Random,9.000000318337698e-07
130,bubble_sort,3,Structured,9.59999988481286e-06
131,bubble_sort,3,Structured,1.300000121773337e-06
132,bubble_sort,3,Structured,1.0000001111620804e-06
133,bubble_sort,3,Structured,6.000000212225132e-07
134,bubble_sort,3,Structured,7.000001005508238e-07
135,insertion_sort,3,Structured,7.60000011723605e-06
136,insertion_sort,3,Structured,1.100000190490391e-06
137,insertion_sort,3,Structured,6.999998731771484e-07
138,insertion_sort,3,Structured,6.999998731771484e-07
139,insertion_sort,3,Structured,1.0000001111620804e-06
140,bubble_sort,3,Integers,6.199999916134402e-06
141,bubble_sort,3,Integers,7.999999525054591e-07
142,bubble_sort,3,Integers,7.999999525054591e-07
143,bubble_sort,3,Integers,7.000001005508238e-07
144,bubble_sort,3,Integers,8.000001798791345e-07
145,insertion_sort,3,Integers,4.399999852466863e-06
146,insertion_sort,3,Integers,7.000001005508238e-07
147,insertion_sort,3,Integers,6.000000212225132e-07
148,insertion_sort,3,Integers,5.999997938488377e-07
149,insertion_sort,3,Integers,6.999998731771484e-07
150,bubble_sort,4,Ascending,6.399999847417348e-06
151,bubble_sort,4,Ascending,7.999999525054591e-07
152,bubble_sort,4,Ascending,6.000000212225132e-07
153,bubble_sort,4,Ascending,4.999999418942025e-07
154,bubble_sort,4,Ascending,9.000000318337698e-07
155,insertion_sort,4,Ascending,4.200000148557592e-06
156,insertion_sort,4,Ascending,7.000001005508238e-07
157,insertion_sort,4,Ascending,6.000000212225132e-07
158,insertion_sort,4,Ascending,6.999998731771484e-07
159,insertion_sort,4,Ascending,6.000000212225132e-07
160,bubble_sort,4,Descending,5.900000132896821e-06
161,bubble_sort,4,Descending,1.0000001111620804e-06
162,bubble_sort,4,Descending,7.999999525054591e-07
163,bubble_sort,4,Descending,7.000001005508238e-07
164,bubble_sort,4,Descending,6.000000212225132e-07
165,insertion_sort,4,Descending,4.499999931795173e-06
166,insertion_sort,4,Descending,7.999999525054591e-07
167,insertion_sort,4,Descending,7.000001005508238e-07
168,insertion_sort,4,Descending,7.000001005508238e-07
169,insertion_sort,4,Descending,6.000000212225132e-07
170,bubble_sort,4,Random,2.2599999965677853e-05
171,bubble_sort,4,Random,1.500000053056283e-06
172,bubble_sort,4,Random,9.000000318337698e-07
173,bubble_sort,4,Random,7.999999525054591e-07
174,bubble_sort,4,Random,8.999998044600943e-07
175,insertion_sort,4,Random,9.800000043469481e-06
176,insertion_sort,4,Random,1.0999999631167157e-06
177,insertion_sort,4,Random,8.000001798791345e-07
178,insertion_sort,4,Random,7.999999525054591e-07
179,insertion_sort,4,Random,8.000001798791345e-07
180,bubble_sort,4,Structured,5.999999984851456e-06
181,bubble_sort,4,Structured,7.999999525054591e-07
182,bubble_sort,4,Structured,6.000000212225132e-07
183,bubble_sort,4,Structured,6.000000212225132e-07
184,bubble_sort,4,Structured,6.000000212225132e-07
185,insertion_sort,4,Structured,4.199999921183917e-06
186,insertion_sort,4,Structured,7.999999525054591e-07
187,insertion_sort,4,Structured,5.999997938488377e-07
188,insertion_sort,4,Structured,4.999999418942025e-07
189,insertion_sort,4,Structured,6.000000212225132e-07
190,bubble_sort,4,Integers,7.200000027296483e-06
191,bubble_sort,4,Integers,1.199999815071351e-06
192,bubble_sort,4,Integers,9.000000318337698e-07
193,bubble_sort,4,Integers,9.000000318337698e-07
194,bubble_sort,4,Integers,6.999998731771484e-07
195,insertion_sort,4,Integers,8.999999863590347e-06
196,insertion_sort,4,Integers,1.3999999737279722e-06
197,insertion_sort,4,Integers,1.100000190490391e-06
198,insertion_sort,4,Integers,9.000000318337698e-07
199,insertion_sort,4,Integers,1.0999999631167157e-06
200,bubble_sort,5,Ascending,1.1200000017197453e-05
201,bubble_sort,5,Ascending,1.6999999843392288e-06
202,bubble_sort,5,Ascending,1.0999999631167157e-06
203,bubble_sort,5,Ascending,1.0000001111620804e-06
204,bubble_sort,5,Ascending,1.0000001111620804e-06
205,insertion_sort,5,Ascending,1.1899999890374602e-05
206,insertion_sort,5,Ascending,9.000000318337698e-07
207,insertion_sort,5,Ascending,1.0000001111620804e-06
208,insertion_sort,5,Ascending,6.000000212225132e-07
209,insertion_sort,5,Ascending,6.999998731771484e-07
210,bubble_sort,5,Descending,9.59999988481286e-06
211,bubble_sort,5,Descending,1.8000000636675395e-06
212,bubble_sort,5,Descending,1.4999998256826075e-06
213,bubble_sort,5,Descending,1.0999999631167157e-06
214,bubble_sort,5,Descending,1.5999999050109182e-06
215,insertion_sort,5,Descending,6.0999998368060915e-06
216,insertion_sort,5,Descending,1.300000121773337e-06
217,insertion_sort,5,Descending,1.0999999631167157e-06
218,insertion_sort,5,Descending,9.000000318337698e-07
219,insertion_sort,5,Descending,1.0000001111620804e-06
220,bubble_sort,5,Random,8.69999985297909e-06
221,bubble_sort,5,Random,1.9999999949504854e-06
222,bubble_sort,5,Random,1.500000053056283e-06
223,bubble_sort,5,Random,1.3999999737279722e-06
224,bubble_sort,5,Random,1.0999999631167157e-06
225,insertion_sort,5,Random,7.79999982114532e-06
226,insertion_sort,5,Random,1.8999999156221747e-06
227,insertion_sort,5,Random,1.500000053056283e-06
228,insertion_sort,5,Random,1.4999998256826075e-06
229,insertion_sort,5,Random,1.2999998943996616e-06
230,bubble_sort,5,Structured,9.800000043469481e-06
231,bubble_sort,5,Structured,1.3999999737279722e-06
232,bubble_sort,5,Structured,6.000000212225132e-07
233,bubble_sort,5,Structured,6.999998731771484e-07
234,bubble_sort,5,Structured,7.000001005508238e-07
235,insertion_sort,5,Structured,8.69999985297909e-06
236,insertion_sort,5,Structured,1.300000121773337e-06
237,insertion_sort,5,Structured,1.199999815071351e-06
238,insertion_sort,5,Structured,1.2000000424450263e-06
239,insertion_sort,5,Structured,9.99999883788405e-07
240,bubble_sort,5,Integers,1.1200000017197453e-05
241,bubble_sort,5,Integers,2.7999999474559445e-06
242,bubble_sort,5,Integers,2.0999998469051206e-06
243,bubble_sort,5,Integers,1.8000000636675395e-06
244,bubble_sort,5,Integers,1.500000053056283e-06
245,insertion_sort,5,Integers,7.999999979801942e-06
246,insertion_sort,5,Integers,1.2000000424450263e-06
247,insertion_sort,5,Integers,9.99999883788405e-07
248,insertion_sort,5,Integers,7.999999525054591e-07
249,insertion_sort,5,Integers,7.999999525054591e-07
250,bubble_sort,6,Ascending,8.700000080352766e-06
251,bubble_sort,6,Ascending,1.6999999843392288e-06
252,bubble_sort,6,Ascending,1.100000190490391e-06
253,bubble_sort,6,Ascending,8.999998044600943e-07
254,bubble_sort,6,Ascending,9.99999883788405e-07
255,insertion_sort,6,Ascending,8.299999990413198e-06
256,insertion_sort,6,Ascending,1.0999999631167157e-06
257,insertion_sort,6,Ascending,9.99999883788405e-07
258,insertion_sort,6,Ascending,9.000000318337698e-07
259,insertion_sort,6,Ascending,1.6000001323845936e-06
260,bubble_sort,6,Descending,7.299999879251118e-06
261,bubble_sort,6,Descending,2.499999936844688e-06
262,bubble_sort,6,Descending,2.6000000161729986e-06
263,bubble_sort,6,Descending,2.6000000161729986e-06
264,bubble_sort,6,Descending,2.1999999262334313e-06
265,insertion_sort,6,Descending,4.999999873689376e-06
266,insertion_sort,6,Descending,2.300000005561742e-06
267,insertion_sort,6,Descending,2.100000074278796e-06
268,insertion_sort,6,Descending,2.1999999262334313e-06
269,insertion_sort,6,Descending,2.1999999262334313e-06
270,bubble_sort,6,Random,1.629999997021514e-05
271,bubble_sort,6,Random,5.399999963628943e-06
272,bubble_sort,6,Random,3.999999989900971e-06
273,bubble_sort,6,Random,4.200000148557592e-06
274,bubble_sort,6,Random,3.999999989900971e-06
275,insertion_sort,6,Random,9.59999988481286e-06
276,insertion_sort,6,Random,2.2000001536071068e-06
277,insertion_sort,6,Random,1.6000001323845936e-06
278,insertion_sort,6,Random,1.5999999050109182e-06
279,insertion_sort,6,Random,1.799999836293864e-06
280,bubble_sort,6,Structured,7.099999947968172e-06
281,bubble_sort,6,Structured,1.0999999631167157e-06
282,bubble_sort,6,Structured,1.0000001111620804e-06
283,bubble_sort,6,Structured,8.000001798791345e-07
284,bubble_sort,6,Structured,6.000000212225132e-07
285,insertion_sort,6,Structured,4.900000021734741e-06
286,insertion_sort,6,Structured,9.99999883788405e-07
287,insertion_sort,6,Structured,6.000000212225132e-07
288,insertion_sort,6,Structured,6.000000212225132e-07
289,insertion_sort,6,Structured,7.000001005508238e-07
290,bubble_sort,6,Integers,1.4799999917158857e-05
291,bubble_sort,6,Integers,4.79999994240643e-06
292,bubble_sort,6,Integers,4.400000079840538e-06
293,bubble_sort,6,Integers,3.000000106112566e-06
294,bubble_sort,6,Integers,2.900000026784255e-06
295,insertion_sort,6,Integers,1.1800000038419967e-05
296,insertion_sort,6,Integers,1.8999999156221747e-06
297,insertion_sort,6,Integers,1.500000053056283e-06
298,insertion_sort,6,Integers,1.6000001323845936e-06
299,insertion_sort,6,Integers,1.5999999050109182e-06
300,bubble_sort,7,Ascending,7.200000027296483e-06
301,bubble_sort,7,Ascending,1.0000001111620804e-06
302,bubble_sort,7,Ascending,5.999997938488377e-07
303,bubble_sort,7,Ascending,6.999998731771484e-07
304,bubble_sort,7,Ascending,7.000001005508238e-07
305,insertion_sort,7,Ascending,1.0299999985363684e-05
306,insertion_sort,7,Ascending,1.300000121773337e-06
307,insertion_sort,7,Ascending,1.300000121773337e-06
308,insertion_sort,7,Ascending,1.8000000636675395e-06
309,insertion_sort,7,Ascending,1.3999999737279722e-06
310,bubble_sort,7,Descending,1.799999995455437e-05
311,bubble_sort,7,Descending,1.0299999985363684e-05
312,bubble_sort,7,Descending,8.7999999323074e-06
313,bubble_sort,7,Descending,6.600000006073969e-06
314,bubble_sort,7,Descending,6.199999916134402e-06
315,insertion_sort,7,Descending,1.3099999932819628e-05
316,insertion_sort,7,Descending,6.900000016685226e-06
317,insertion_sort,7,Descending,6.600000006073969e-06
318,insertion_sort,7,Descending,6.500000154119334e-06
319,insertion_sort,7,Descending,6.499999926745659e-06
320,bubble_sort,7,Random,2.3399999918183312e-05
321,bubble_sort,7,Random,1.3900000112698763e-05
322,bubble_sort,7,Random,1.1900000117748277e-05
323,bubble_sort,7,Random,1.0900000006586197e-05
324,bubble_sort,7,Random,1.0300000212737359e-05
325,insertion_sort,7,Random,1.4899999996487168e-05
326,insertion_sort,7,Random,8.299999990413198e-06
327,insertion_sort,7,Random,7.699999969190685e-06
328,insertion_sort,7,Random,7.599999889862374e-06
329,insertion_sort,7,Random,7.299999879251118e-06
330,bubble_sort,7,Structured,1.0100000054080738e-05
331,bubble_sort,7,Structured,3.1000001854408765e-06
332,bubble_sort,7,Structured,4.600000011123484e-06
333,bubble_sort,7,Structured,1.8000000636675395e-06
334,bubble_sort,7,Structured,1.3999999737279722e-06
335,insertion_sort,7,Structured,8.299999990413198e-06
336,insertion_sort,7,Structured,1.3999999737279722e-06
337,insertion_sort,7,Structured,8.999998044600943e-07
338,insertion_sort,7,Structured,8.999998044600943e-07
339,insertion_sort,7,Structured,9.000000318337698e-07
340,bubble_sort,7,Integers,2.7499999987412593e-05
341,bubble_sort,7,Integers,1.6200000118260505e-05
342,bubble_sort,7,Integers,1.44999999065476e-05
343,bubble_sort,7,Integers,1.4199999895936344e-05
344,bubble_sort,7,Integers,1.2599999990925426e-05
345,insertion_sort,7,Integers,1.0400000064691994e-05
346,insertion_sort,7,Integers,4.1000000692292815e-06
347,insertion_sort,7,Integers,4.1000000692292815e-06
348,insertion_sort,7,Integers,3.600000127335079e-06
349,insertion_sort,7,Integers,3.600000127335079e-06
350,bubble_sort,8,Ascending,8.600000001024455e-06
351,bubble_sort,8,Ascending,1.500000053056283e-06
352,bubble_sort,8,Ascending,1.2000000424450263e-06
353,bubble_sort,8,Ascending,1.0999999631167157e-06
354,bubble_sort,8,Ascending,1.0000001111620804e-06
355,insertion_sort,8,Ascending,8.400000069741509e-06
356,insertion_sort,8,Ascending,1.3999999737279722e-06
357,insertion_sort,8,Ascending,1.0999999631167157e-06
358,insertion_sort,8,Ascending,1.2000000424450263e-06
359,insertion_sort,8,Ascending,1.199999815071351e-06
360,bubble_sort,8,Descending,2.9000000040468876e-05
361,bubble_sort,8,Descending,2.2299999955066596e-05
362,bubble_sort,8,Descending,2.210000002378365e-05
363,bubble_sort,8,Descending,2.170000016121776e-05
364,bubble_sort,8,Descending,2.1800000013172394e-05
365,insertion_sort,8,Descending,2.8100000008635106e-05
366,insertion_sort,8,Descending,2.3399999918183312e-05
367,insertion_sort,8,Descending,2.3499999997511622e-05
368,insertion_sort,8,Descending,2.3199999986900366e-05
369,insertion_sort,8,Descending,2.3399999918183312e-05
370,bubble_sort,8,Random,7.570000002488086e-05
371,bubble_sort,8,Random,4.7799999947528704e-05
372,bubble_sort,8,Random,4.500000000007276e-05
373,bubble_sort,8,Random,4.9700000090524554e-05
374,bubble_sort,8,Random,4.4399999978850246e-05
375,insertion_sort,8,Random,2.790000007735216e-05
376,insertion_sort,8,Random,2.210000002378365e-05
377,insertion_sort,8,Random,2.1800000013172394e-05
378,insertion_sort,8,Random,2.0599999970727367e-05
379,insertion_sort,8,Random,2.099999983329326e-05
380,bubble_sort,8,Structured,1.0199999906035373e-05
381,bubble_sort,8,Structured,4.1000000692292815e-06
382,bubble_sort,8,Structured,3.3000001167238224e-06
383,bubble_sort,8,Structured,2.6000000161729986e-06
384,bubble_sort,8,Structured,2.4000000848900527e-06
385,insertion_sort,8,Structured,6.200000143508078e-06
386,insertion_sort,8,Structured,2.499999936844688e-06
387,insertion_sort,8,Structured,1.5999999050109182e-06
388,insertion_sort,8,Structured,1.0999999631167157e-06
389,insertion_sort,8,Structured,1.2000000424450263e-06
390,bubble_sort,8,Integers,5.409999994299142e-05
391,bubble_sort,8,Integers,4.649999982575537e-05
392,bubble_sort,8,Integers,4.520000015872938e-05
393,bubble_sort,8,Integers,4.5999999883861165e-05
394,bubble_sort,8,Integers,4.489999992074445e-05
395,insertion_sort,8,Integers,1.619999989088683e-05
396,insertion_sort,8,Integers,1.3099999932819628e-05
397,insertion_sort,8,Integers,1.2699999842880061e-05
398,insertion_sort,8,Integers,1.2700000070253736e-05
399,insertion_sort,8,Integers,1.2700000070253736e-05
400,bubble_sort,9,Ascending,5.999999984851456e-06
401,bubble_sort,9,Ascending,1.0999999631167157e-06
402,bubble_sort,9,Ascending,9.99999883788405e-07
403,bubble_sort,9,Ascending,7.999999525054591e-07
404,bubble_sort,9,Ascending,7.999999525054591e-07
405,insertion_sort,9,Ascending,3.6999999792897142e-06
406,insertion_sort,9,Ascending,1.0999999631167157e-06
407,insertion_sort,9,Ascending,8.999998044600943e-07
408,insertion_sort,9,Ascending,9.000000318337698e-07
409,insertion_sort,9,Ascending,1.0999999631167157e-06
410,bubble_sort,9,Descending,8.679999996275001e-05
411,bubble_sort,9,Descending,8.170000000973232e-05
412,bubble_sort,9,Descending,8.170000000973232e-05
413,bubble_sort,9,Descending,8.139999999912106e-05
414,bubble_sort,9,Descending,8.139999999912106e-05
415,insertion_sort,9,Descending,9.330000011686934e-05
416,insertion_sort,9,Descending,8.990000014819088e-05
417,insertion_sort,9,Descending,8.960000013757963e-05
418,insertion_sort,9,Descending,8.969999998953426e-05
419,insertion_sort,9,Descending,8.950000005825132e-05
420,bubble_sort,9,Random,0.00017449999995733378
421,bubble_sort,9,Random,0.00017079999997804407
422,bubble_sort,9,Random,0.00016730000015741098
423,bubble_sort,9,Random,0.0001646999999138643
424,bubble_sort,9,Random,0.00016570000002502638
425,insertion_sort,9,Random,8.849999994708924e-05
426,insertion_sort,9,Random,8.589999993091624e-05
427,insertion_sort,9,Random,8.550000006835035e-05
428,insertion_sort,9,Random,8.529999990969372e-05
429,insertion_sort,9,Random,8.550000006835035e-05
430,bubble_sort,9,Structured,1.7900000102599734e-05
431,bubble_sort,9,Structured,1.1899999890374602e-05
432,bubble_sort,9,Structured,1.1000000085914508e-05
433,bubble_sort,9,Structured,9.800000043469481e-06
434,bubble_sort,9,Structured,8.700000080352766e-06
435,insertion_sort,9,Structured,9.399999953529914e-06
436,insertion_sort,9,Structured,5.299999884300632e-06
437,insertion_sort,9,Structured,3.6999999792897142e-06
438,insertion_sort,9,Structured,2.9999998787388904e-06
439,insertion_sort,9,Structured,2.7000000955013093e-06
440,bubble_sort,9,Integers,0.00018679999993764795
441,bubble_sort,9,Integers,0.00017120000006798364
442,bubble_sort,9,Integers,0.00017009999987749325
443,bubble_sort,9,Integers,0.00017729999990478973
444,bubble_sort,9,Integers,0.0001695000000836444
445,insertion_sort,9,Integers,5.0700000201686635e-05
446,insertion_sort,9,Integers,4.7900000026857015e-05
447,insertion_sort,9,Integers,4.770000009557407e-05
448,insertion_sort,9,Integers,4.749999993691745e-05
449,insertion_sort,9,Integers,5.030000011174707e-05
450,bubble_sort,10,Ascending,1.160000010713702e-05
451,bubble_sort,10,Ascending,1.500000053056283e-06
452,bubble_sort,10,Ascending,1.0999999631167157e-06
453,bubble_sort,10,Ascending,9.99999883788405e-07
454,bubble_sort,10,Ascending,1.500000053056283e-06
455,insertion_sort,10,Ascending,7.999999979801942e-06
456,insertion_sort,10,Ascending,1.6000001323845936e-06
457,insertion_sort,10,Ascending,1.4999998256826075e-06
458,insertion_sort,10,Ascending,1.3999999737279722e-06
459,insertion_sort,10,Ascending,1.3999999737279722e-06
460,bubble_sort,10,Descending,0.0003320999999232299
461,bubble_sort,10,Descending,0.00036079999995308754
462,bubble_sort,10,Descending,0.0003306000000975473
463,bubble_sort,10,Descending,0.0003466999999091058
464,bubble_sort,10,Descending,0.0003374000000349042
465,insertion_sort,10,Descending,0.0003911999999672844
466,insertion_sort,10,Descending,0.0003570999999737978
467,insertion_sort,10,Descending,0.0003638000000592001
468,insertion_sort,10,Descending,0.00035630000002129236
469,insertion_sort,10,Descending,0.00035630000002129236
470,bubble_sort,10,Random,0.0006248000001960463
471,bubble_sort,10,Random,0.0005727000000206317
472,bubble_sort,10,Random,0.0005774999999630381
473,bubble_sort,10,Random,0.00057040000001507
474,bubble_sort,10,Random,0.0005748999999468651
475,insertion_sort,10,Random,0.0003286000001025968
476,insertion_sort,10,Random,0.0003245999998853222
477,insertion_sort,10,Random,0.0003272999999808235
478,insertion_sort,10,Random,0.0003250000002026354
479,insertion_sort,10,Random,0.0003250999998272164
480,bubble_sort,10,Structured,4.2899999925793963e-05
481,bubble_sort,10,Structured,3.990000004705507e-05
482,bubble_sort,10,Structured,3.440000000409782e-05
483,bubble_sort,10,Structured,3.409999999348656e-05
484,bubble_sort,10,Structured,3.3300000040981104e-05
485,insertion_sort,10,Structured,1.5300000086426735e-05
486,insertion_sort,10,Structured,1.13999999484804e-05
487,insertion_sort,10,Structured,1.0099999826707062e-05
488,insertion_sort,10,Structured,8.7999999323074e-06
489,insertion_sort,10,Structured,8.400000069741509e-06
490,bubble_sort,10,Integers,0.0006186999999044929
491,bubble_sort,10,Integers,0.0006102999998347514
492,bubble_sort,10,Integers,0.000622300000031828
493,bubble_sort,10,Integers,0.0006309000000328524
494,bubble_sort,10,Integers,0.0006164000001263048
495,insertion_sort,10,Integers,0.00018369999997958075
496,insertion_sort,10,Integers,0.0001780999998572952
497,insertion_sort,10,Integers,0.00017800000000534055
498,insertion_sort,10,Integers,0.00017810000008466886
499,insertion_sort,10,Integers,0.00017779999984668393
500,bubble_sort,11,Ascending,6.600000006073969e-06
501,bubble_sort,11,Ascending,1.799999836293864e-06
502,bubble_sort,11,Ascending,1.6999999843392288e-06
503,bubble_sort,11,Ascending,1.6000001323845936e-06
504,bubble_sort,11,Ascending,1.500000053056283e-06
505,insertion_sort,11,Ascending,5.299999884300632e-06
506,insertion_sort,11,Ascending,2.300000005561742e-06
507,insertion_sort,11,Ascending,2.100000074278796e-06
508,insertion_sort,11,Ascending,2.100000074278796e-06
509,insertion_sort,11,Ascending,2.0999998469051206e-06
510,bubble_sort,11,Descending,0.0012606999998752144
511,bubble_sort,11,Descending,0.001253499999847918
512,bubble_sort,11,Descending,0.0012527999999747408
513,bubble_sort,11,Descending,0.0012527999999747408
514,bubble_sort,11,Descending,0.0012604999999439315
515,insertion_sort,11,Descending,0.0014248999998471845
516,insertion_sort,11,Descending,0.0014195999999628839
517,insertion_sort,11,Descending,0.001419400000031601
518,insertion_sort,11,Descending,0.0014205999998466723
519,insertion_sort,11,Descending,0.0014194999998835556
520,bubble_sort,11,Random,0.002549999999928332
521,bubble_sort,11,Random,0.0030272000001332344
522,bubble_sort,11,Random,0.0026734000000487868
523,bubble_sort,11,Random,0.0029091999999764084
524,bubble_sort,11,Random,0.002273900000091089
525,insertion_sort,11,Random,0.001388100000212944
526,insertion_sort,11,Random,0.0014032999999926687
527,insertion_sort,11,Random,0.001389199999948687
528,insertion_sort,11,Random,0.0013755999998465995
529,insertion_sort,11,Random,0.0013792000002013083
530,bubble_sort,11,Structured,0.00023260000011759985
531,bubble_sort,11,Structured,0.00015080000002853922
532,bubble_sort,11,Structured,0.0001692999999249878
533,bubble_sort,11,Structured,0.00016260000006695918
534,bubble_sort,11,Structured,0.00015320000011342927
535,insertion_sort,11,Structured,4.309999985707691e-05
536,insertion_sort,11,Structured,4.260000014255638e-05
537,insertion_sort,11,Structured,4.279999984646565e-05
538,insertion_sort,11,Structured,3.6500000078376615e-05
539,insertion_sort,11,Structured,3.6299999919719994e-05
540,bubble_sort,11,Integers,0.0026462000000719854
541,bubble_sort,11,Integers,0.0025686000001314824
542,bubble_sort,11,Integers,0.0025600999999824126
543,bubble_sort,11,Integers,0.0027800000000297587
544,bubble_sort,11,Integers,0.002453099999911501
545,insertion_sort,11,Integers,0.0007209000000329979
546,insertion_sort,11,Integers,0.0007118999999420339
547,insertion_sort,11,Integers,0.0007047999999940657
548,insertion_sort,11,Integers,0.0006985999998505577
549,insertion_sort,11,Integers,0.0007029000000784436
550,bubble_sort,12,Ascending,8.299999990413198e-06
551,bubble_sort,12,Ascending,2.900000026784255e-06
552,bubble_sort,12,Ascending,2.499999936844688e-06
553,bubble_sort,12,Ascending,2.5000001642183634e-06
554,bubble_sort,12,Ascending,2.499999936844688e-06
555,insertion_sort,12,Ascending,7.099999947968172e-06
556,insertion_sort,12,Ascending,3.89999991057266e-06
557,insertion_sort,12,Ascending,3.600000127335079e-06
558,insertion_sort,12,Ascending,3.5999998999614036e-06
559,insertion_sort,12,Ascending,3.600000127335079e-06
560,bubble_sort,12,Descending,0.005230999999866981
561,bubble_sort,12,Descending,0.005023499999879277
562,bubble_sort,12,Descending,0.005110500000000684
563,bubble_sort,12,Descending,0.005082300000140094
564,bubble_sort,12,Descending,0.004997499999944921
565,insertion_sort,12,Descending,0.005734600000096179
566,insertion_sort,12,Descending,0.005798999999797161
567,insertion_sort,12,Descending,0.0058378999999604275
568,insertion_sort,12,Descending,0.005695000000059736
569,insertion_sort,12,Descending,0.006049400000165406
570,bubble_sort,12,Random,0.010179500000049302
571,bubble_sort,12,Random,0.009588099999973565
572,bubble_sort,12,Random,0.009723200000053112
573,bubble_sort,12,Random,0.00953950000007353
574,bubble_sort,12,Random,0.009559399999943707
575,insertion_sort,12,Random,0.005867399999942791
576,insertion_sort,12,Random,0.00592770000002929
577,insertion_sort,12,Random,0.005844399999887173
578,insertion_sort,12,Random,0.005865699999958451
579,insertion_sort,12,Random,0.005842499999971551
580,bubble_sort,12,Structured,0.0003702000001339911
581,bubble_sort,12,Structured,0.00035939999997935956
582,bubble_sort,12,Structured,0.0003762000001188426
583,bubble_sort,12,Structured,0.00036199999999553256
584,bubble_sort,12,Structured,0.00035830000001624285
585,insertion_sort,12,Structured,6.900000016685226e-05
586,insertion_sort,12,Structured,6.550000011884549e-05
587,insertion_sort,12,Structured,6.450000000768341e-05
588,insertion_sort,12,Structured,6.38999999864609e-05
589,insertion_sort,12,Structured,6.34000000445667e-05
590,bubble_sort,12,Integers,0.011394099999961327
591,bubble_sort,12,Integers,0.011371900000085589
592,bubble_sort,12,Integers,0.01105280000001585
593,bubble_sort,12,Integers,0.011286600000175895
594,bubble_sort,12,Integers,0.011176499999919542
595,insertion_sort,12,Integers,0.0028420000001005974
596,insertion_sort,12,Integers,0.002824899999950503
597,insertion_sort,12,Integers,0.0028248000000985485
598,insertion_sort,12,Integers,0.002824900000177877
599,insertion_sort,12,Integers,0.0028250000000298314
600,bubble_sort,13,Ascending,9.800000043469481e-06
601,bubble_sort,13,Ascending,4.800000169780105e-06
602,bubble_sort,13,Ascending,4.300000000512227e-06
603,bubble_sort,13,Ascending,4.300000000512227e-06
604,bubble_sort,13,Ascending,4.499999931795173e-06
605,insertion_sort,13,Ascending,9.999999974752427e-06
606,insertion_sort,13,Ascending,6.999999868639861e-06
607,insertion_sort,13,Ascending,6.799999937356915e-06
608,insertion_sort,13,Ascending,6.70000008540228e-06
609,insertion_sort,13,Ascending,6.699999858028605e-06
610,bubble_sort,13,Descending,0.020127399999864792
611,bubble_sort,13,Descending,0.019940799999858427
612,bubble_sort,13,Descending,0.020047599999998056
613,bubble_sort,13,Descending,0.01991120000002411
614,bubble_sort,13,Descending,0.01987749999989319
615,insertion_sort,13,Descending,0.022667200000114462
616,insertion_sort,13,Descending,0.023153000000093016
617,insertion_sort,13,Descending,0.025122400000100242
618,insertion_sort,13,Descending,0.02277219999996305
619,insertion_sort,13,Descending,0.02288530000009814
620,bubble_sort,13,Random,0.058531700000003184
621,bubble_sort,13,Random,0.05832589999999982
622,bubble_sort,13,Random,0.0579589000001306
623,bubble_sort,13,Random,0.05819840000003751
624,bubble_sort,13,Random,0.058081099999981234
625,insertion_sort,13,Random,0.02336009999999078
626,insertion_sort,13,Random,0.0233023000000685
627,insertion_sort,13,Random,0.023259500000222033
628,insertion_sort,13,Random,0.023272200000064913
629,insertion_sort,13,Random,0.023300400000152877
630,bubble_sort,13,Structured,0.001191100000141887
631,bubble_sort,13,Structured,0.0012163999999756925
632,bubble_sort,13,Structured,0.0012205000000449218
633,bubble_sort,13,Structured,0.0012268000000403845
634,bubble_sort,13,Structured,0.0012283000000934408
635,insertion_sort,13,Structured,0.00018390000013823737
636,insertion_sort,13,Structured,0.00017709999997350678
637,insertion_sort,13,Structured,0.000176199999941673
638,insertion_sort,13,Structured,0.00017590000015843543
639,insertion_sort,13,Structured,0.00017550000006849586
640,bubble_sort,13,Integers,0.059927799999968556
641,bubble_sort,13,Integers,0.059516000000030544
642,bubble_sort,13,Integers,0.05915519999985008
643,bubble_sort,13,Integers,0.05918100000008053
644,bubble_sort,13,Integers,0.05932090000010248
645,insertion_sort,13,Integers,0.011482699999987744
646,insertion_sort,13,Integers,0.012659799999937604
647,insertion_sort,13,Integers,0.011482300000125178
648,insertion_sort,13,Integers,0.011184100000036779
649,insertion_sort,13,Integers,0.012016700000003766
650,bubble_sort,14,Ascending,1.5200000007098424e-05
651,bubble_sort,14,Ascending,8.600000001024455e-06
652,bubble_sort,14,Ascending,8.199999911084888e-06
653,bubble_sort,14,Ascending,8.099999831756577e-06
654,bubble_sort,14,Ascending,8.100000059130252e-06
655,insertion_sort,14,Ascending,1.939999992828234e-05
656,insertion_sort,14,Ascending,1.340000017080456e-05
657,insertion_sort,14,Ascending,1.3099999932819628e-05
658,insertion_sort,14,Ascending,1.4599999985875911e-05
659,insertion_sort,14,Ascending,1.3000000080864993e-05
660,bubble_sort,14,Descending,0.08245869999996103
661,bubble_sort,14,Descending,0.08148129999995035
662,bubble_sort,14,Descending,0.09278549999999086
663,bubble_sort,14,Descending,0.08120370000006005
664,bubble_sort,14,Descending,0.08126949999996214
665,insertion_sort,14,Descending,0.09108330000003662
666,insertion_sort,14,Descending,0.09067530000015722
667,insertion_sort,14,Descending,0.09355239999990772
668,insertion_sort,14,Descending,0.09581610000009277
669,insertion_sort,14,Descending,0.0913730999998279
670,bubble_sort,14,Random,0.30067480000002433
671,bubble_sort,14,Random,0.29890359999990324
672,bubble_sort,14,Random,0.2988804000001437
673,bubble_sort,14,Random,0.29901760000007016
674,bubble_sort,14,Random,0.29960890000006657
675,insertion_sort,14,Random,0.09145110000008572
676,insertion_sort,14,Random,0.09149999999999636
677,insertion_sort,14,Random,0.09142900000006193
678,insertion_sort,14,Random,0.09287210000002233
679,insertion_sort,14,Random,0.09284870000010415
680,bubble_sort,14,Structured,0.004348400000026231
681,bubble_sort,14,Structured,0.004312300000037794
682,bubble_sort,14,Structured,0.004233800000065457
683,bubble_sort,14,Structured,0.004136399999879359
684,bubble_sort,14,Structured,0.004264100000000326
685,insertion_sort,14,Structured,0.0005399000001489185
686,insertion_sort,14,Structured,0.0005373000001327455
687,insertion_sort,14,Structured,0.0005330999999841879
688,insertion_sort,14,Structured,0.0005346999998891988
689,insertion_sort,14,Structured,0.0005326000000422937
690,bubble_sort,14,Integers,0.28738909999992757
691,bubble_sort,14,Integers,0.2897043999998914
692,bubble_sort,14,Integers,0.28625399999987167
693,bubble_sort,14,Integers,0.28769149999993715
694,bubble_sort,14,Integers,0.2850075999999717
695,insertion_sort,14,Integers,0.045899899999994886
696,insertion_sort,14,Integers,0.0453403999999864
697,insertion_sort,14,Integers,0.04533860000015011
698,insertion_sort,14,Integers,0.04536520000010569
699,insertion_sort,14,Integers,0.04538049999996474
700,bubble_sort,15,Ascending,2.109999991262157e-05
701,bubble_sort,15,Ascending,1.619999989088683e-05
702,bubble_sort,15,Ascending,1.5699999948992627e-05
703,bubble_sort,15,Ascending,1.5699999948992627e-05
704,bubble_sort,15,Ascending,1.5699999948992627e-05
705,insertion_sort,15,Ascending,2.870000002985762e-05
706,insertion_sort,15,Ascending,2.5399999913133797e-05
707,insertion_sort,15,Ascending,2.519999998185085e-05
708,insertion_sort,15,Ascending,2.519999998185085e-05
709,insertion_sort,15,Ascending,2.519999998185085e-05
710,bubble_sort,15,Descending,0.3280245000000832
711,bubble_sort,15,Descending,0.32760910000001786
712,bubble_sort,15,Descending,0.33488099999999577
713,bubble_sort,15,Descending,0.3283961000001909
714,bubble_sort,15,Descending,0.32664550000004056
715,insertion_sort,15,Descending,0.3635457000000315
716,insertion_sort,15,Descending,0.36329209999985324
717,insertion_sort,15,Descending,0.36300870000013674
718,insertion_sort,15,Descending,0.36638330000005226
719,insertion_sort,15,Descending,0.36338290000003326
720,bubble_sort,15,Random,1.3655959000000166
721,bubble_sort,15,Random,1.3613324999998895
722,bubble_sort,15,Random,1.3617715000000317
723,bubble_sort,15,Random,1.3613362000000961
724,bubble_sort,15,Random,1.3590562000001682
725,insertion_sort,15,Random,0.3723881999999321
726,insertion_sort,15,Random,0.3714878000000681
727,insertion_sort,15,Random,0.3714913000001161
728,insertion_sort,15,Random,0.3721677000000909
729,insertion_sort,15,Random,0.37198960000000625
730,bubble_sort,15,Structured,0.015152700000044206
731,bubble_sort,15,Structured,0.015679000000091037
732,bubble_sort,15,Structured,0.014840800000001764
733,bubble_sort,15,Structured,0.015242700000044351
734,bubble_sort,15,Structured,0.01707229999988158
735,insertion_sort,15,Structured,0.0017694999999093852
736,insertion_sort,15,Structured,0.0017606000001251232
737,insertion_sort,15,Structured,0.0017407999998795276
738,insertion_sort,15,Structured,0.001731300000074043
739,insertion_sort,15,Structured,0.0017359999999371212
740,bubble_sort,15,Integers,1.2647381000001587
741,bubble_sort,15,Integers,1.2658282999998391
742,bubble_sort,15,Integers,1.2608221000000412
743,bubble_sort,15,Integers,1.2614677999999913
744,bubble_sort,15,Integers,1.2591347000000042
745,insertion_sort,15,Integers,0.2105965999999171
746,insertion_sort,15,Integers,0.18237829999998212
747,insertion_sort,15,Integers,0.1817094000000452
748,insertion_sort,15,Integers,0.18213639999999032
749,insertion_sort,15,Integers,0.18171879999999874
750,bubble_sort,16,Ascending,3.609999998843705e-05
751,bubble_sort,16,Ascending,3.130000004603062e-05
752,bubble_sort,16,Ascending,3.0599999945479794e-05
753,bubble_sort,16,Ascending,3.0700000024808105e-05
754,bubble_sort,16,Ascending,4.1999999893960194e-05
755,insertion_sort,16,Ascending,5.369999985305185e-05
756,insertion_sort,16,Ascending,4.9800000169852865e-05
757,insertion_sort,16,Ascending,5.859999987478659e-05
758,insertion_sort,16,Ascending,4.9600000011196244e-05
759,insertion_sort,16,Ascending,4.9600000011196244e-05
760,bubble_sort,16,Descending,1.3133238000000347
761,bubble_sort,16,Descending,1.3158536999999342
762,bubble_sort,16,Descending,1.3104045999998561
763,bubble_sort,16,Descending,1.3176379000001361
764,bubble_sort,16,Descending,1.313798800000086
765,insertion_sort,16,Descending,1.4526605000000927
766,insertion_sort,16,Descending,1.463914799999884
767,insertion_sort,16,Descending,1.450947000000042
768,insertion_sort,16,Descending,1.4554721000001791
769,insertion_sort,16,Descending,1.450772200000074
770,bubble_sort,16,Random,5.830071799999814
771,bubble_sort,16,Random,5.808425300000181
772,bubble_sort,16,Random,5.805671699999948
773,bubble_sort,16,Random,5.811962799999947
774,bubble_sort,16,Random,5.813292399999909
775,insertion_sort,16,Random,1.4912005999999565
776,insertion_sort,16,Random,1.4926680999999462
777,insertion_sort,16,Random,1.4923315999999431
778,insertion_sort,16,Random,1.4930493999997907
779,insertion_sort,16,Random,1.4930773000000954
780,bubble_sort,16,Structured,0.053571200000078534
781,bubble_sort,16,Structured,0.05163370000013856
782,bubble_sort,16,Structured,0.051506600000038816
783,bubble_sort,16,Structured,0.0516187999999147
784,bubble_sort,16,Structured,0.05164310000009209
785,insertion_sort,16,Structured,0.0059868000000733446
786,insertion_sort,16,Structured,0.006031699999994089
787,insertion_sort,16,Structured,0.0059003999999731604
788,insertion_sort,16,Structured,0.005957699999953547
789,insertion_sort,16,Structured,0.005936900000051537
790,bubble_sort,16,Integers,5.344746400000076
791,bubble_sort,16,Integers,5.341729400000077
792,bubble_sort,16,Integers,5.341119500000104
793,bubble_sort,16,Integers,5.341083900000058
794,bubble_sort,16,Integers,5.3485229000000345
795,insertion_sort,16,Integers,0.72512810000012
796,insertion_sort,16,Integers,0.7246879999997873
797,insertion_sort,16,Integers,0.727695199999971
798,insertion_sort,16,Integers,0.724357800000007
799,insertion_sort,16,Integers,0.7241528000001836
800,bubble_sort,17,Ascending,6.43999999283551e-05
801,bubble_sort,17,Ascending,6.12999999702879e-05
802,bubble_sort,17,Ascending,5.9299999975337414e-05
803,bubble_sort,17,Ascending,5.9299999975337414e-05
804,bubble_sort,17,Ascending,5.920000012338278e-05
805,insertion_sort,17,Ascending,0.00010139999994862592
806,insertion_sort,17,Ascending,9.829999999055872e-05
807,insertion_sort,17,Ascending,9.789999990061915e-05
808,insertion_sort,17,Ascending,9.780000004866451e-05
809,insertion_sort,17,Ascending,9.800000020732114e-05
810,bubble_sort,17,Descending,5.3637322999998105
811,bubble_sort,17,Descending,5.3697213000000374
812,bubble_sort,17,Descending,5.390569800000094
813,bubble_sort,17,Descending,5.3796870999999555
814,bubble_sort,17,Descending,5.364021899999898
815,insertion_sort,17,Descending,5.8235758000000715
816,insertion_sort,17,Descending,5.809709899999916
817,insertion_sort,17,Descending,5.819935800000167
818,insertion_sort,17,Descending,5.807919900000343
819,insertion_sort,17,Descending,5.812045500000295
820,bubble_sort,17,Random,23.66376450000007
821,bubble_sort,17,Random,23.660484300000007
822,bubble_sort,17,Random,23.674691299999722
823,bubble_sort,17,Random,23.66663389999985
824,bubble_sort,17,Random,23.676082999999835
825,insertion_sort,17,Random,5.935896800000137
826,insertion_sort,17,Random,5.942298000000392
827,insertion_sort,17,Random,5.941386500000135
828,insertion_sort,17,Random,5.942645400000401
829,insertion_sort,17,Random,5.935714799999914
830,bubble_sort,17,Structured,0.18452339999976175
831,bubble_sort,17,Structured,0.1828375000000051
832,bubble_sort,17,Structured,0.18258789999981673
833,bubble_sort,17,Structured,0.1824693000003208
834,bubble_sort,17,Structured,0.1825648999997611
835,insertion_sort,17,Structured,0.0205590000000484
836,insertion_sort,17,Structured,0.020480399999996735
837,insertion_sort,17,Structured,0.020470400000249356
838,insertion_sort,17,Structured,0.020550400000047375
839,insertion_sort,17,Structured,0.0204318000000967
840,bubble_sort,17,Integers,21.742400699999962
841,bubble_sort,17,Integers,21.728930499999933
842,bubble_sort,17,Integers,21.743031800000153
843,bubble_sort,17,Integers,21.736256400000002
844,bubble_sort,17,Integers,21.736925500000325
845,insertion_sort,17,Integers,2.949123200000031
846,insertion_sort,17,Integers,2.940418800000316
847,insertion_sort,17,Integers,2.9357598999999936
848,insertion_sort,17,Integers,2.9444729000001644
849,insertion_sort,17,Integers,2.945899499999996
850,bubble_sort,18,Ascending,0.00014830000009169453
851,bubble_sort,18,Ascending,0.00013579999995272374
852,bubble_sort,18,Ascending,0.0001388000000588363
853,bubble_sort,18,Ascending,0.00013029999990976648
854,bubble_sort,18,Ascending,0.00013119999994160025
855,insertion_sort,18,Ascending,0.00020330000006651971
856,insertion_sort,18,Ascending,0.00019969999993918464
857,insertion_sort,18,Ascending,0.00019879999990735087
858,insertion_sort,18,Ascending,0.00019840000004478497
859,insertion_sort,18,Ascending,0.000198299999738083
860,bubble_sort,18,Descending,21.640542099999948
861,bubble_sort,18,Descending,21.656298799999604
862,bubble_sort,18,Descending,21.636820100000023
863,bubble_sort,18,Descending,21.63677289999987
864,bubble_sort,18,Descending,21.632442499999797
865,insertion_sort,18,Descending,23.240400200000295
866,insertion_sort,18,Descending,23.24038470000005
867,insertion_sort,18,Descending,23.24978050000027
868,insertion_sort,18,Descending,23.266000800000256
869,insertion_sort,18,Descending,23.23418720000018
870,bubble_sort,18,Random,95.2324208
871,bubble_sort,18,Random,95.48931340000036
872,bubble_sort,18,Random,95.18328209999981
873,bubble_sort,18,Random,95.21788860000015
874,bubble_sort,18,Random,95.21888460000037
875,insertion_sort,18,Random,23.80559940000012
876,insertion_sort,18,Random,23.808732200000122
877,insertion_sort,18,Random,23.80729990000009
878,insertion_sort,18,Random,23.808179799999834
879,insertion_sort,18,Random,23.801431800000046
880,bubble_sort,18,Structured,0.6528630000002522
881,bubble_sort,18,Structured,0.6518667000000278
882,bubble_sort,18,Structured,0.6543452999999317
883,bubble_sort,18,Structured,0.6559440999999424
884,bubble_sort,18,Structured,0.6536502999997538
885,insertion_sort,18,Structured,0.07305310000037935
886,insertion_sort,18,Structured,0.07248800000024858
887,insertion_sort,18,Structured,0.07243370000014693
888,insertion_sort,18,Structured,0.07304830000020957
889,insertion_sort,18,Structured,0.07268670000030397
890,bubble_sort,18,Integers,87.00197979999984
891,bubble_sort,18,Integers,86.97742139999991
892,bubble_sort,18,Integers,86.92570339999975
893,bubble_sort,18,Integers,87.00541799999974
894,bubble_sort,18,Integers,87.47415520000004
895,insertion_sort,18,Integers,11.84063500000002
896,insertion_sort,18,Integers,11.82207870000002
897,insertion_sort,18,Integers,11.859215800000129
898,insertion_sort,18,Integers,11.851234900000236
899,insertion_sort,18,Integers,11.847128800000064
900,bubble_sort,19,Ascending,0.00027949999957854743
901,bubble_sort,19,Ascending,0.00028560000009747455
902,bubble_sort,19,Ascending,0.00028110000039305305
903,bubble_sort,19,Ascending,0.00027780000027632923
904,bubble_sort,19,Ascending,0.00027449999970485806
905,insertion_sort,19,Ascending,0.00040609999996377155
906,insertion_sort,19,Ascending,0.00042409999969095225
907,insertion_sort,19,Ascending,0.00040609999996377155
908,insertion_sort,19,Ascending,0.00043890000006285845
909,insertion_sort,19,Ascending,0.0004103999999642838
910,bubble_sort,19,Descending,86.91708889999973
911,bubble_sort,19,Descending,87.12043769999991
912,bubble_sort,19,Descending,87.14287740000009
913,bubble_sort,19,Descending,86.87790750000022
914,bubble_sort,19,Descending,87.00481949999994
915,insertion_sort,19,Descending,93.30784289999974
916,insertion_sort,19,Descending,93.18702190000022
917,insertion_sort,19,Descending,93.16456430000017
918,insertion_sort,19,Descending,93.44427110000015
919,insertion_sort,19,Descending,93.14423019999958
920,bubble_sort,19,Random,381.00038099999983
921,bubble_sort,19,Random,380.579874
922,bubble_sort,19,Random,380.54500200000075
923,bubble_sort,19,Random,380.6701548000001
924,bubble_sort,19,Random,381.0932568999997
925,insertion_sort,19,Random,95.38664069999959
926,insertion_sort,19,Random,95.38755789999959
927,insertion_sort,19,Random,95.3956517000006
928,insertion_sort,19,Random,95.3817794000006
929,insertion_sort,19,Random,95.39013800000066
930,bubble_sort,19,Structured,2.4196243999995204
931,bubble_sort,19,Structured,2.3590766000006624
932,bubble_sort,19,Structured,2.3634629999996832
933,bubble_sort,19,Structured,2.3473014999999577
934,bubble_sort,19,Structured,2.344187000000602
935,insertion_sort,19,Structured,0.25949860000037006
936,insertion_sort,19,Structured,0.25878539999939676
937,insertion_sort,19,Structured,0.25896819999979925
938,insertion_sort,19,Structured,0.25884969999970053
939,insertion_sort,19,Structured,0.2587316999997711
940,bubble_sort,19,Integers,349.45630639999945
941,bubble_sort,19,Integers,349.35673039999983
942,bubble_sort,19,Integers,349.72239099999933
943,bubble_sort,19,Integers,349.52851180000016
944,bubble_sort,19,Integers,349.24125209999875
945,insertion_sort,19,Integers,48.03167409999878
946,insertion_sort,19,Integers,47.82982700000139
947,insertion_sort,19,Integers,47.783500300000014
948,insertion_sort,19,Integers,47.910329000000274
949,insertion_sort,19,Integers,48.00936759999968
